BEGIN_OBJECTS
0 general
1 colour
2 high_res
3 low_res
4 rover0
5 rover1
6 rover2
7 rover3
8 rover4
9 rover5
10 rover0store
11 rover1store
12 rover2store
13 rover3store
14 rover4store
15 rover5store
16 waypoint0
17 waypoint1
18 waypoint2
19 waypoint3
20 waypoint4
21 waypoint5
22 waypoint6
23 waypoint7
24 waypoint8
25 waypoint9
26 waypoint10
27 waypoint11
28 waypoint12
29 waypoint13
30 waypoint14
31 waypoint15
32 waypoint16
33 waypoint17
34 waypoint18
35 waypoint19
36 camera0
37 camera1
38 camera2
39 camera3
40 camera4
41 camera5
42 camera6
43 objective0
44 objective1
45 objective2
46 objective3
47 objective4
48 objective5
49 objective6
END_OBJECTS
BEGIN_PREDICATES
0 rover
1 waypoint
2 store
3 camera
4 mode
5 lander
6 objective
7 at
8 at_lander
9 can_traverse
10 equipped_for_soil_analysis
11 equipped_for_rock_analysis
12 equipped_for_imaging
13 empty
14 have_rock_analysis
15 have_soil_analysis
16 full
17 calibrated
18 supports
19 available
20 visible
21 have_image
22 communicated_soil_data
23 communicated_rock_data
24 communicated_image_data
25 at_soil_sample
26 at_rock_sample
27 visible_from
28 store_of
29 calibration_target
30 on_board
31 channel_free
END_PREDICATES
BEGIN_FACT_LIST
0 4
0 5
0 6
0 7
0 8
0 9
1 16
1 17
1 18
1 19
1 20
1 21
1 22
1 23
1 24
1 25
1 26
1 27
1 28
1 29
1 30
1 31
1 32
1 33
1 34
1 35
2 10
2 11
2 12
2 13
2 14
2 15
3 36
3 37
3 38
3 39
3 40
3 41
3 42
4 1
4 2
4 3
5 0
6 43
6 44
6 45
6 46
6 47
6 48
6 49
8 0 33
9 4 16 18
9 4 16 28
9 4 16 29
9 4 17 22
9 4 18 16
9 4 18 22
9 4 18 23
9 4 18 25
9 4 18 30
9 4 18 34
9 4 19 23
9 4 20 25
9 4 21 25
9 4 21 26
9 4 22 17
9 4 22 18
9 4 22 31
9 4 22 35
9 4 23 18
9 4 23 19
9 4 23 27
9 4 24 25
9 4 25 18
9 4 25 20
9 4 25 21
9 4 25 24
9 4 26 21
9 4 27 23
9 4 28 16
9 4 29 16
9 4 29 32
9 4 30 18
9 4 31 22
9 4 32 29
9 4 34 18
9 4 35 22
9 5 16 18
9 5 16 25
9 5 16 29
9 5 16 32
9 5 17 28
9 5 18 16
9 5 19 22
9 5 19 25
9 5 20 25
9 5 20 27
9 5 21 23
9 5 22 19
9 5 23 21
9 5 23 25
9 5 24 26
9 5 25 16
9 5 25 19
9 5 25 20
9 5 25 23
9 5 25 26
9 5 25 28
9 5 25 30
9 5 25 34
9 5 25 35
9 5 26 24
9 5 26 25
9 5 27 20
9 5 28 17
9 5 28 25
9 5 29 16
9 5 30 25
9 5 30 31
9 5 31 30
9 5 32 16
9 5 33 35
9 5 34 25
9 5 35 25
9 5 35 33
9 6 16 17
9 6 16 25
9 6 16 29
9 6 16 32
9 6 16 33
9 6 16 34
9 6 17 16
9 6 17 18
9 6 17 22
9 6 17 27
9 6 17 28
9 6 17 31
9 6 18 17
9 6 19 25
9 6 20 25
9 6 21 25
9 6 22 17
9 6 23 25
9 6 25 16
9 6 25 19
9 6 25 20
9 6 25 21
9 6 25 23
9 6 25 26
9 6 25 30
9 6 25 35
9 6 26 25
9 6 27 17
9 6 28 17
9 6 29 16
9 6 30 25
9 6 31 17
9 6 32 16
9 6 33 16
9 6 34 16
9 6 35 25
9 7 16 17
9 7 16 18
9 7 16 25
9 7 16 28
9 7 16 33
9 7 16 34
9 7 17 16
9 7 17 22
9 7 17 23
9 7 17 31
9 7 18 16
9 7 18 30
9 7 19 25
9 7 20 34
9 7 21 25
9 7 22 17
9 7 23 17
9 7 23 26
9 7 24 25
9 7 25 16
9 7 25 19
9 7 25 21
9 7 25 24
9 7 26 23
9 7 27 32
9 7 27 34
9 7 28 16
9 7 28 35
9 7 29 32
9 7 30 18
9 7 31 17
9 7 32 27
9 7 32 29
9 7 33 16
9 7 34 16
9 7 34 20
9 7 34 27
9 7 35 28
9 8 16 25
9 8 17 31
9 8 18 30
9 8 19 22
9 8 19 23
9 8 19 25
9 8 19 26
9 8 19 27
9 8 19 29
9 8 19 31
9 8 20 25
9 8 21 22
9 8 22 19
9 8 22 21
9 8 22 28
9 8 22 30
9 8 23 19
9 8 24 25
9 8 25 16
9 8 25 19
9 8 25 20
9 8 25 24
9 8 25 35
9 8 26 19
9 8 26 32
9 8 27 19
9 8 27 33
9 8 27 34
9 8 28 22
9 8 29 19
9 8 30 18
9 8 30 22
9 8 31 17
9 8 31 19
9 8 32 26
9 8 33 27
9 8 34 27
9 8 35 25
9 9 16 17
9 9 16 28
9 9 16 29
9 9 16 33
9 9 16 34
9 9 17 16
9 9 17 18
9 9 17 22
9 9 17 23
9 9 17 27
9 9 17 31
9 9 18 17
9 9 19 23
9 9 20 28
9 9 21 28
9 9 22 17
9 9 23 17
9 9 23 19
9 9 23 26
9 9 24 28
9 9 25 28
9 9 26 23
9 9 27 17
9 9 28 16
9 9 28 20
9 9 28 21
9 9 28 24
9 9 28 25
9 9 28 30
9 9 28 35
9 9 29 16
9 9 29 32
9 9 30 28
9 9 31 17
9 9 32 29
9 9 33 16
9 9 34 16
9 9 35 28
10 4
10 6
10 8
11 4
11 5
11 7
11 9
12 4
12 5
12 6
12 7
12 8
12 9
18 36 2
18 37 1
18 37 3
18 38 1
18 38 2
18 39 1
18 40 2
18 40 3
18 41 1
18 42 2
18 42 3
20 16 17
20 16 18
20 16 25
20 16 28
20 16 29
20 16 32
20 16 33
20 16 34
20 17 16
20 17 18
20 17 22
20 17 23
20 17 27
20 17 28
20 17 31
20 18 16
20 18 17
20 18 22
20 18 23
20 18 25
20 18 30
20 18 32
20 18 34
20 19 22
20 19 23
20 19 25
20 19 26
20 19 27
20 19 29
20 19 31
20 20 21
20 20 25
20 20 27
20 20 28
20 20 29
20 20 34
20 21 20
20 21 22
20 21 23
20 21 25
20 21 26
20 21 27
20 21 28
20 21 30
20 22 17
20 22 18
20 22 19
20 22 21
20 22 25
20 22 28
20 22 29
20 22 30
20 22 31
20 22 35
20 23 17
20 23 18
20 23 19
20 23 21
20 23 25
20 23 26
20 23 27
20 24 25
20 24 26
20 24 28
20 24 30
20 25 16
20 25 18
20 25 19
20 25 20
20 25 21
20 25 22
20 25 23
20 25 24
20 25 26
20 25 28
20 25 30
20 25 34
20 25 35
20 26 19
20 26 21
20 26 23
20 26 24
20 26 25
20 26 32
20 27 17
20 27 19
20 27 20
20 27 21
20 27 23
20 27 28
20 27 32
20 27 33
20 27 34
20 28 16
20 28 17
20 28 20
20 28 21
20 28 22
20 28 24
20 28 25
20 28 27
20 28 30
20 28 32
20 28 35
20 29 16
20 29 19
20 29 20
20 29 22
20 29 32
20 29 35
20 30 18
20 30 21
20 30 22
20 30 24
20 30 25
20 30 28
20 30 31
20 30 35
20 31 17
20 31 19
20 31 22
20 31 30
20 31 35
20 32 16
20 32 18
20 32 26
20 32 27
20 32 28
20 32 29
20 32 35
20 33 16
20 33 27
20 33 35
20 34 16
20 34 18
20 34 20
20 34 25
20 34 27
20 35 22
20 35 25
20 35 28
20 35 29
20 35 30
20 35 31
20 35 32
20 35 33
27 43 16
27 43 17
27 43 18
27 43 19
27 43 20
27 43 21
27 43 22
27 43 23
27 43 24
27 43 25
27 43 26
27 44 16
27 44 17
27 44 18
27 44 19
27 44 20
27 44 21
27 44 22
27 44 23
27 44 24
27 44 25
27 44 26
27 44 27
27 44 28
27 45 16
27 45 17
27 45 18
27 45 19
27 45 20
27 45 21
27 45 22
27 45 23
27 45 24
27 45 25
27 45 26
27 45 27
27 45 28
27 45 29
27 45 30
27 46 16
27 46 17
27 46 18
27 46 19
27 46 20
27 46 21
27 46 22
27 46 23
27 46 24
27 46 25
27 46 26
27 46 27
27 46 28
27 46 29
27 46 30
27 46 31
27 46 32
27 46 33
27 46 34
27 46 35
27 47 16
27 47 17
27 47 18
27 47 19
27 47 20
27 47 21
27 47 22
27 47 23
27 47 24
27 47 25
27 47 26
27 47 27
27 47 28
27 47 29
27 47 30
27 47 31
27 48 16
27 48 17
27 48 18
27 49 16
27 49 17
27 49 18
27 49 19
27 49 20
27 49 21
27 49 22
27 49 23
27 49 24
27 49 25
27 49 26
28 10 4
28 11 5
28 12 6
28 13 7
28 14 8
28 15 9
29 36 47
29 37 49
29 38 43
29 39 49
29 40 47
29 41 45
29 42 49
30 36 5
30 37 6
30 38 8
30 39 7
30 40 7
30 41 4
30 42 9
END_FACT_LIST
BEGIN_GOAL_LIST
22 30
END_GOAL_LIST
BEGIN_STATE_LIST
BEGIN_LABELED_STATE
5
BEGIN_STATE
7 5 25
7 7 34
7 8 19
7 9 16
7 4 18
7 6 16
26 29
26 18
26 20
26 34
26 21
26 22
26 17
26 25
26 28
26 23
26 33
25 28
25 29
25 25
25 30
25 31
25 34
25 35
25 19
25 16
25 26
25 27
25 33
25 24
13 14
13 13
13 12
13 15
13 10
13 11
19 4
19 5
19 6
19 7
19 8
19 9
31 0
END_STATE
END_LABELED_STATE
BEGIN_LABELED_STATE
4
BEGIN_STATE
7 5 25
7 7 34
7 8 19
7 9 16
7 4 30
7 6 16
26 29
26 18
26 20
26 34
26 21
26 22
26 17
26 25
26 28
26 23
26 33
25 28
25 29
25 25
25 30
25 31
25 34
25 35
25 19
25 16
25 26
25 27
25 33
25 24
13 14
13 13
13 12
13 15
13 10
13 11
19 4
19 5
19 6
19 7
19 8
19 9
31 0
END_STATE
END_LABELED_STATE
BEGIN_LABELED_STATE
3
BEGIN_STATE
7 5 25
7 7 34
7 8 19
7 9 16
7 4 30
7 6 16
26 29
26 18
26 20
26 34
26 21
26 22
26 17
26 25
26 28
26 23
26 33
25 28
25 29
25 25
15 4 30
25 31
25 34
25 35
25 19
25 16
25 26
25 27
25 33
25 24
13 14
13 13
13 12
13 15
16 10
13 11
19 4
19 5
19 6
19 7
19 8
19 9
31 0
END_STATE
END_LABELED_STATE
BEGIN_LABELED_STATE
2
BEGIN_STATE
7 5 25
7 7 34
7 8 19
7 9 16
7 4 18
7 6 16
26 29
26 18
26 20
26 34
26 21
26 22
26 17
26 25
26 28
26 23
26 33
25 28
25 29
25 25
15 4 30
25 31
25 34
25 35
25 19
25 16
25 26
25 27
25 33
25 24
13 14
13 13
13 12
13 15
16 10
13 11
19 4
19 5
19 6
19 7
19 8
19 9
31 0
END_STATE
END_LABELED_STATE
BEGIN_LABELED_STATE
1
BEGIN_STATE
7 5 25
7 7 34
7 8 19
7 9 16
7 4 16
7 6 16
26 29
26 18
26 20
26 34
26 21
26 22
26 17
26 25
26 28
26 23
26 33
25 28
25 29
25 25
15 4 30
25 31
25 34
25 35
25 19
25 16
25 26
25 27
25 33
25 24
13 14
13 13
13 12
13 15
16 10
13 11
19 4
19 5
19 6
19 7
19 8
19 9
31 0
END_STATE
END_LABELED_STATE
BEGIN_LABELED_STATE
0
BEGIN_STATE
7 5 25
7 7 34
7 8 19
7 9 16
7 4 16
7 6 16
26 29
26 18
26 20
26 34
26 21
26 22
26 17
26 25
26 28
26 23
26 33
25 28
25 29
25 25
15 4 30
25 31
25 34
25 35
25 19
25 16
25 26
25 27
25 33
25 24
13 14
13 13
13 12
13 15
16 10
13 11
19 4
19 5
19 6
19 7
19 8
19 9
31 0
22 30
END_STATE
END_LABELED_STATE
BEGIN_LABELED_STATE
5
BEGIN_STATE
7 5 25
7 7 34
7 8 19
7 9 16
7 4 18
7 6 16
26 29
26 18
26 20
26 34
26 21
26 22
26 17
26 25
26 28
26 23
26 33
25 28
25 29
25 25
25 30
25 31
25 34
25 35
25 19
25 16
25 26
25 27
25 33
25 24
13 14
13 13
13 12
13 15
13 10
13 11
17 37 6
19 4
19 5
19 6
19 7
19 8
19 9
31 0
END_STATE
END_LABELED_STATE
BEGIN_LABELED_STATE
4
BEGIN_STATE
7 5 25
7 7 34
7 8 19
7 9 16
7 4 30
7 6 16
26 29
26 18
26 20
26 34
26 21
26 22
26 17
26 25
26 28
26 23
26 33
25 28
25 29
25 25
25 30
25 31
25 34
25 35
25 19
25 16
25 26
25 27
25 33
25 24
13 14
13 13
13 12
13 15
13 10
13 11
17 37 6
19 4
19 5
19 6
19 7
19 8
19 9
31 0
END_STATE
END_LABELED_STATE
BEGIN_LABELED_STATE
3
BEGIN_STATE
7 5 25
7 7 34
7 8 19
7 9 16
7 4 30
7 6 16
26 29
26 18
26 20
26 34
26 21
26 22
26 17
26 25
26 28
26 23
26 33
25 28
25 29
25 25
15 4 30
25 31
25 34
25 35
25 19
25 16
25 26
25 27
25 33
25 24
13 14
13 13
13 12
13 15
16 10
13 11
17 37 6
19 4
19 5
19 6
19 7
19 8
19 9
31 0
END_STATE
END_LABELED_STATE
BEGIN_LABELED_STATE
2
BEGIN_STATE
7 5 25
7 7 34
7 8 19
7 9 16
7 4 18
7 6 16
26 29
26 18
26 20
26 34
26 21
26 22
26 17
26 25
26 28
26 23
26 33
25 28
25 29
25 25
15 4 30
25 31
25 34
25 35
25 19
25 16
25 26
25 27
25 33
25 24
13 14
13 13
13 12
13 15
16 10
13 11
17 37 6
19 4
19 5
19 6
19 7
19 8
19 9
31 0
END_STATE
END_LABELED_STATE
BEGIN_LABELED_STATE
1
BEGIN_STATE
7 5 25
7 7 34
7 8 19
7 9 16
7 4 16
7 6 16
26 29
26 18
26 20
26 34
26 21
26 22
26 17
26 25
26 28
26 23
26 33
25 28
25 29
25 25
15 4 30
25 31
25 34
25 35
25 19
25 16
25 26
25 27
25 33
25 24
13 14
13 13
13 12
13 15
16 10
13 11
17 37 6
19 4
19 5
19 6
19 7
19 8
19 9
31 0
END_STATE
END_LABELED_STATE
BEGIN_LABELED_STATE
0
BEGIN_STATE
7 5 25
7 7 34
7 8 19
7 9 16
7 4 16
7 6 16
26 29
26 18
26 20
26 34
26 21
26 22
26 17
26 25
26 28
26 23
26 33
25 28
25 29
25 25
15 4 30
25 31
25 34
25 35
25 19
25 16
25 26
25 27
25 33
25 24
13 14
13 13
13 12
13 15
16 10
13 11
17 37 6
19 4
19 5
19 6
19 7
19 8
19 9
31 0
22 30
END_STATE
END_LABELED_STATE
BEGIN_LABELED_STATE
5
BEGIN_STATE
7 5 25
7 7 34
7 8 19
7 9 16
7 4 18
7 6 34
26 29
26 18
26 20
26 34
26 21
26 22
26 17
26 25
26 28
26 23
26 33
25 28
25 29
25 25
25 30
25 31
25 34
25 35
25 19
25 16
25 26
25 27
25 33
25 24
13 14
13 13
13 12
13 15
13 10
13 11
17 37 6
19 4
19 5
19 6
19 7
19 8
19 9
31 0
END_STATE
END_LABELED_STATE
BEGIN_LABELED_STATE
4
BEGIN_STATE
7 5 25
7 7 34
7 8 19
7 9 16
7 4 30
7 6 34
26 29
26 18
26 20
26 34
26 21
26 22
26 17
26 25
26 28
26 23
26 33
25 28
25 29
25 25
25 30
25 31
25 34
25 35
25 19
25 16
25 26
25 27
25 33
25 24
13 14
13 13
13 12
13 15
13 10
13 11
17 37 6
19 4
19 5
19 6
19 7
19 8
19 9
31 0
END_STATE
END_LABELED_STATE
BEGIN_LABELED_STATE
3
BEGIN_STATE
7 5 25
7 7 34
7 8 19
7 9 16
7 4 30
7 6 34
26 29
26 18
26 20
26 34
26 21
26 22
26 17
26 25
26 28
26 23
26 33
25 28
25 29
25 25
15 4 30
25 31
25 34
25 35
25 19
25 16
25 26
25 27
25 33
25 24
13 14
13 13
13 12
13 15
16 10
13 11
17 37 6
19 4
19 5
19 6
19 7
19 8
19 9
31 0
END_STATE
END_LABELED_STATE
BEGIN_LABELED_STATE
2
BEGIN_STATE
7 5 25
7 7 34
7 8 19
7 9 16
7 4 18
7 6 34
26 29
26 18
26 20
26 34
26 21
26 22
26 17
26 25
26 28
26 23
26 33
25 28
25 29
25 25
15 4 30
25 31
25 34
25 35
25 19
25 16
25 26
25 27
25 33
25 24
13 14
13 13
13 12
13 15
16 10
13 11
17 37 6
19 4
19 5
19 6
19 7
19 8
19 9
31 0
END_STATE
END_LABELED_STATE
BEGIN_LABELED_STATE
1
BEGIN_STATE
7 5 25
7 7 34
7 8 19
7 9 16
7 4 16
7 6 34
26 29
26 18
26 20
26 34
26 21
26 22
26 17
26 25
26 28
26 23
26 33
25 28
25 29
25 25
15 4 30
25 31
25 34
25 35
25 19
25 16
25 26
25 27
25 33
25 24
13 14
13 13
13 12
13 15
16 10
13 11
17 37 6
19 4
19 5
19 6
19 7
19 8
19 9
31 0
END_STATE
END_LABELED_STATE
BEGIN_LABELED_STATE
0
BEGIN_STATE
7 5 25
7 7 34
7 8 19
7 9 16
7 4 16
7 6 34
26 29
26 18
26 20
26 34
26 21
26 22
26 17
26 25
26 28
26 23
26 33
25 28
25 29
25 25
15 4 30
25 31
25 34
25 35
25 19
25 16
25 26
25 27
25 33
25 24
13 14
13 13
13 12
13 15
16 10
13 11
17 37 6
19 4
19 5
19 6
19 7
19 8
19 9
31 0
22 30
END_STATE
END_LABELED_STATE
BEGIN_LABELED_STATE
5
BEGIN_STATE
7 5 25
7 7 34
7 8 19
7 9 16
7 4 18
7 6 34
26 29
26 18
26 20
26 34
26 21
26 22
26 17
26 25
26 28
26 23
26 33
25 28
25 29
25 25
25 30
25 31
25 34
25 35
25 19
25 16
25 26
25 27
25 33
25 24
13 14
13 13
13 12
13 15
13 10
13 11
21 6 46 3
19 4
19 5
19 6
19 7
19 8
19 9
31 0
END_STATE
END_LABELED_STATE
BEGIN_LABELED_STATE
4
BEGIN_STATE
7 5 25
7 7 34
7 8 19
7 9 16
7 4 30
7 6 34
26 29
26 18
26 20
26 34
26 21
26 22
26 17
26 25
26 28
26 23
26 33
25 28
25 29
25 25
25 30
25 31
25 34
25 35
25 19
25 16
25 26
25 27
25 33
25 24
13 14
13 13
13 12
13 15
13 10
13 11
21 6 46 3
19 4
19 5
19 6
19 7
19 8
19 9
31 0
END_STATE
END_LABELED_STATE
BEGIN_LABELED_STATE
3
BEGIN_STATE
7 5 25
7 7 34
7 8 19
7 9 16
7 4 30
7 6 34
26 29
26 18
26 20
26 34
26 21
26 22
26 17
26 25
26 28
26 23
26 33
25 28
25 29
25 25
15 4 30
25 31
25 34
25 35
25 19
25 16
25 26
25 27
25 33
25 24
13 14
13 13
13 12
13 15
16 10
13 11
21 6 46 3
19 4
19 5
19 6
19 7
19 8
19 9
31 0
END_STATE
END_LABELED_STATE
BEGIN_LABELED_STATE
2
BEGIN_STATE
7 5 25
7 7 34
7 8 19
7 9 16
7 4 18
7 6 34
26 29
26 18
26 20
26 34
26 21
26 22
26 17
26 25
26 28
26 23
26 33
25 28
25 29
25 25
15 4 30
25 31
25 34
25 35
25 19
25 16
25 26
25 27
25 33
25 24
13 14
13 13
13 12
13 15
16 10
13 11
21 6 46 3
19 4
19 5
19 6
19 7
19 8
19 9
31 0
END_STATE
END_LABELED_STATE
BEGIN_LABELED_STATE
1
BEGIN_STATE
7 5 25
7 7 34
7 8 19
7 9 16
7 4 16
7 6 34
26 29
26 18
26 20
26 34
26 21
26 22
26 17
26 25
26 28
26 23
26 33
25 28
25 29
25 25
15 4 30
25 31
25 34
25 35
25 19
25 16
25 26
25 27
25 33
25 24
13 14
13 13
13 12
13 15
16 10
13 11
21 6 46 3
19 4
19 5
19 6
19 7
19 8
19 9
31 0
END_STATE
END_LABELED_STATE
BEGIN_LABELED_STATE
0
BEGIN_STATE
7 5 25
7 7 34
7 8 19
7 9 16
7 4 16
7 6 34
26 29
26 18
26 20
26 34
26 21
26 22
26 17
26 25
26 28
26 23
26 33
25 28
25 29
25 25
15 4 30
25 31
25 34
25 35
25 19
25 16
25 26
25 27
25 33
25 24
13 14
13 13
13 12
13 15
16 10
13 11
21 6 46 3
19 4
19 5
19 6
19 7
19 8
19 9
31 0
22 30
END_STATE
END_LABELED_STATE
BEGIN_LABELED_STATE
5
BEGIN_STATE
7 5 25
7 7 34
7 8 19
7 9 16
7 4 18
7 6 16
26 29
26 18
26 20
26 34
26 21
26 22
26 17
26 25
26 28
26 23
26 33
25 28
25 29
25 25
25 30
25 31
25 34
25 35
25 19
25 16
25 26
25 27
25 33
25 24
13 14
13 13
13 12
13 15
13 10
13 11
21 6 46 3
19 4
19 5
19 6
19 7
19 8
19 9
31 0
END_STATE
END_LABELED_STATE
BEGIN_LABELED_STATE
4
BEGIN_STATE
7 5 25
7 7 34
7 8 19
7 9 16
7 4 30
7 6 16
26 29
26 18
26 20
26 34
26 21
26 22
26 17
26 25
26 28
26 23
26 33
25 28
25 29
25 25
25 30
25 31
25 34
25 35
25 19
25 16
25 26
25 27
25 33
25 24
13 14
13 13
13 12
13 15
13 10
13 11
21 6 46 3
19 4
19 5
19 6
19 7
19 8
19 9
31 0
END_STATE
END_LABELED_STATE
BEGIN_LABELED_STATE
3
BEGIN_STATE
7 5 25
7 7 34
7 8 19
7 9 16
7 4 30
7 6 16
26 29
26 18
26 20
26 34
26 21
26 22
26 17
26 25
26 28
26 23
26 33
25 28
25 29
25 25
15 4 30
25 31
25 34
25 35
25 19
25 16
25 26
25 27
25 33
25 24
13 14
13 13
13 12
13 15
16 10
13 11
21 6 46 3
19 4
19 5
19 6
19 7
19 8
19 9
31 0
END_STATE
END_LABELED_STATE
BEGIN_LABELED_STATE
2
BEGIN_STATE
7 5 25
7 7 34
7 8 19
7 9 16
7 4 18
7 6 16
26 29
26 18
26 20
26 34
26 21
26 22
26 17
26 25
26 28
26 23
26 33
25 28
25 29
25 25
15 4 30
25 31
25 34
25 35
25 19
25 16
25 26
25 27
25 33
25 24
13 14
13 13
13 12
13 15
16 10
13 11
21 6 46 3
19 4
19 5
19 6
19 7
19 8
19 9
31 0
END_STATE
END_LABELED_STATE
BEGIN_LABELED_STATE
1
BEGIN_STATE
7 5 25
7 7 34
7 8 19
7 9 16
7 4 16
7 6 16
26 29
26 18
26 20
26 34
26 21
26 22
26 17
26 25
26 28
26 23
26 33
25 28
25 29
25 25
15 4 30
25 31
25 34
25 35
25 19
25 16
25 26
25 27
25 33
25 24
13 14
13 13
13 12
13 15
16 10
13 11
21 6 46 3
19 4
19 5
19 6
19 7
19 8
19 9
31 0
END_STATE
END_LABELED_STATE
BEGIN_LABELED_STATE
0
BEGIN_STATE
7 5 25
7 7 34
7 8 19
7 9 16
7 4 16
7 6 16
26 29
26 18
26 20
26 34
26 21
26 22
26 17
26 25
26 28
26 23
26 33
25 28
25 29
25 25
15 4 30
25 31
25 34
25 35
25 19
25 16
25 26
25 27
25 33
25 24
13 14
13 13
13 12
13 15
16 10
13 11
21 6 46 3
19 4
19 5
19 6
19 7
19 8
19 9
31 0
22 30
END_STATE
END_LABELED_STATE
BEGIN_LABELED_STATE
5
BEGIN_STATE
7 5 25
7 7 34
7 8 19
7 9 16
7 4 18
7 6 16
26 29
26 18
26 20
26 34
26 21
26 22
26 17
26 25
26 28
26 23
26 33
25 28
25 29
25 25
25 30
25 31
25 34
25 35
25 19
25 16
25 26
25 27
25 33
25 24
13 14
13 13
13 12
13 15
13 10
13 11
21 6 46 3
17 37 6
19 4
19 5
19 6
19 7
19 8
19 9
31 0
END_STATE
END_LABELED_STATE
BEGIN_LABELED_STATE
4
BEGIN_STATE
7 5 25
7 7 34
7 8 19
7 9 16
7 4 30
7 6 16
26 29
26 18
26 20
26 34
26 21
26 22
26 17
26 25
26 28
26 23
26 33
25 28
25 29
25 25
25 30
25 31
25 34
25 35
25 19
25 16
25 26
25 27
25 33
25 24
13 14
13 13
13 12
13 15
13 10
13 11
21 6 46 3
17 37 6
19 4
19 5
19 6
19 7
19 8
19 9
31 0
END_STATE
END_LABELED_STATE
BEGIN_LABELED_STATE
3
BEGIN_STATE
7 5 25
7 7 34
7 8 19
7 9 16
7 4 30
7 6 16
26 29
26 18
26 20
26 34
26 21
26 22
26 17
26 25
26 28
26 23
26 33
25 28
25 29
25 25
15 4 30
25 31
25 34
25 35
25 19
25 16
25 26
25 27
25 33
25 24
13 14
13 13
13 12
13 15
16 10
13 11
21 6 46 3
17 37 6
19 4
19 5
19 6
19 7
19 8
19 9
31 0
END_STATE
END_LABELED_STATE
BEGIN_LABELED_STATE
2
BEGIN_STATE
7 5 25
7 7 34
7 8 19
7 9 16
7 4 18
7 6 16
26 29
26 18
26 20
26 34
26 21
26 22
26 17
26 25
26 28
26 23
26 33
25 28
25 29
25 25
15 4 30
25 31
25 34
25 35
25 19
25 16
25 26
25 27
25 33
25 24
13 14
13 13
13 12
13 15
16 10
13 11
21 6 46 3
17 37 6
19 4
19 5
19 6
19 7
19 8
19 9
31 0
END_STATE
END_LABELED_STATE
BEGIN_LABELED_STATE
1
BEGIN_STATE
7 5 25
7 7 34
7 8 19
7 9 16
7 4 16
7 6 16
26 29
26 18
26 20
26 34
26 21
26 22
26 17
26 25
26 28
26 23
26 33
25 28
25 29
25 25
15 4 30
25 31
25 34
25 35
25 19
25 16
25 26
25 27
25 33
25 24
13 14
13 13
13 12
13 15
16 10
13 11
21 6 46 3
17 37 6
19 4
19 5
19 6
19 7
19 8
19 9
31 0
END_STATE
END_LABELED_STATE
BEGIN_LABELED_STATE
0
BEGIN_STATE
7 5 25
7 7 34
7 8 19
7 9 16
7 4 16
7 6 16
26 29
26 18
26 20
26 34
26 21
26 22
26 17
26 25
26 28
26 23
26 33
25 28
25 29
25 25
15 4 30
25 31
25 34
25 35
25 19
25 16
25 26
25 27
25 33
25 24
13 14
13 13
13 12
13 15
16 10
13 11
21 6 46 3
17 37 6
19 4
19 5
19 6
19 7
19 8
19 9
31 0
22 30
END_STATE
END_LABELED_STATE
BEGIN_LABELED_STATE
5
BEGIN_STATE
7 5 25
7 7 34
7 8 19
7 9 16
7 4 18
7 6 34
26 29
26 18
26 20
26 34
26 21
26 22
26 17
26 25
26 28
26 23
26 33
25 28
25 29
25 25
25 30
25 31
25 34
25 35
25 19
25 16
25 26
25 27
25 33
25 24
13 14
13 13
13 12
13 15
13 10
13 11
21 6 46 3
17 37 6
19 4
19 5
19 6
19 7
19 8
19 9
31 0
END_STATE
END_LABELED_STATE
BEGIN_LABELED_STATE
4
BEGIN_STATE
7 5 25
7 7 34
7 8 19
7 9 16
7 4 30
7 6 34
26 29
26 18
26 20
26 34
26 21
26 22
26 17
26 25
26 28
26 23
26 33
25 28
25 29
25 25
25 30
25 31
25 34
25 35
25 19
25 16
25 26
25 27
25 33
25 24
13 14
13 13
13 12
13 15
13 10
13 11
21 6 46 3
17 37 6
19 4
19 5
19 6
19 7
19 8
19 9
31 0
END_STATE
END_LABELED_STATE
BEGIN_LABELED_STATE
3
BEGIN_STATE
7 5 25
7 7 34
7 8 19
7 9 16
7 4 30
7 6 34
26 29
26 18
26 20
26 34
26 21
26 22
26 17
26 25
26 28
26 23
26 33
25 28
25 29
25 25
15 4 30
25 31
25 34
25 35
25 19
25 16
25 26
25 27
25 33
25 24
13 14
13 13
13 12
13 15
16 10
13 11
21 6 46 3
17 37 6
19 4
19 5
19 6
19 7
19 8
19 9
31 0
END_STATE
END_LABELED_STATE
BEGIN_LABELED_STATE
2
BEGIN_STATE
7 5 25
7 7 34
7 8 19
7 9 16
7 4 18
7 6 34
26 29
26 18
26 20
26 34
26 21
26 22
26 17
26 25
26 28
26 23
26 33
25 28
25 29
25 25
15 4 30
25 31
25 34
25 35
25 19
25 16
25 26
25 27
25 33
25 24
13 14
13 13
13 12
13 15
16 10
13 11
21 6 46 3
17 37 6
19 4
19 5
19 6
19 7
19 8
19 9
31 0
END_STATE
END_LABELED_STATE
BEGIN_LABELED_STATE
1
BEGIN_STATE
7 5 25
7 7 34
7 8 19
7 9 16
7 4 16
7 6 34
26 29
26 18
26 20
26 34
26 21
26 22
26 17
26 25
26 28
26 23
26 33
25 28
25 29
25 25
15 4 30
25 31
25 34
25 35
25 19
25 16
25 26
25 27
25 33
25 24
13 14
13 13
13 12
13 15
16 10
13 11
21 6 46 3
17 37 6
19 4
19 5
19 6
19 7
19 8
19 9
31 0
END_STATE
END_LABELED_STATE
BEGIN_LABELED_STATE
0
BEGIN_STATE
7 5 25
7 7 34
7 8 19
7 9 16
7 4 16
7 6 34
26 29
26 18
26 20
26 34
26 21
26 22
26 17
26 25
26 28
26 23
26 33
25 28
25 29
25 25
15 4 30
25 31
25 34
25 35
25 19
25 16
25 26
25 27
25 33
25 24
13 14
13 13
13 12
13 15
16 10
13 11
21 6 46 3
17 37 6
19 4
19 5
19 6
19 7
19 8
19 9
31 0
22 30
END_STATE
END_LABELED_STATE
BEGIN_LABELED_STATE
5
BEGIN_STATE
7 5 25
7 7 34
7 8 19
7 9 16
7 4 18
7 6 34
26 29
26 18
26 20
26 34
26 21
26 22
26 17
26 25
26 28
26 23
26 33
25 28
25 29
25 25
25 30
25 31
25 34
25 35
25 19
25 16
25 26
25 27
25 33
25 24
13 14
13 13
13 12
13 15
13 10
13 11
21 6 46 1
21 6 46 3
19 4
19 5
19 6
19 7
19 8
19 9
31 0
END_STATE
END_LABELED_STATE
BEGIN_LABELED_STATE
4
BEGIN_STATE
7 5 25
7 7 34
7 8 19
7 9 16
7 4 30
7 6 34
26 29
26 18
26 20
26 34
26 21
26 22
26 17
26 25
26 28
26 23
26 33
25 28
25 29
25 25
25 30
25 31
25 34
25 35
25 19
25 16
25 26
25 27
25 33
25 24
13 14
13 13
13 12
13 15
13 10
13 11
21 6 46 1
21 6 46 3
19 4
19 5
19 6
19 7
19 8
19 9
31 0
END_STATE
END_LABELED_STATE
BEGIN_LABELED_STATE
3
BEGIN_STATE
7 5 25
7 7 34
7 8 19
7 9 16
7 4 30
7 6 34
26 29
26 18
26 20
26 34
26 21
26 22
26 17
26 25
26 28
26 23
26 33
25 28
25 29
25 25
15 4 30
25 31
25 34
25 35
25 19
25 16
25 26
25 27
25 33
25 24
13 14
13 13
13 12
13 15
16 10
13 11
21 6 46 1
21 6 46 3
19 4
19 5
19 6
19 7
19 8
19 9
31 0
END_STATE
END_LABELED_STATE
BEGIN_LABELED_STATE
2
BEGIN_STATE
7 5 25
7 7 34
7 8 19
7 9 16
7 4 18
7 6 34
26 29
26 18
26 20
26 34
26 21
26 22
26 17
26 25
26 28
26 23
26 33
25 28
25 29
25 25
15 4 30
25 31
25 34
25 35
25 19
25 16
25 26
25 27
25 33
25 24
13 14
13 13
13 12
13 15
16 10
13 11
21 6 46 1
21 6 46 3
19 4
19 5
19 6
19 7
19 8
19 9
31 0
END_STATE
END_LABELED_STATE
BEGIN_LABELED_STATE
1
BEGIN_STATE
7 5 25
7 7 34
7 8 19
7 9 16
7 4 16
7 6 34
26 29
26 18
26 20
26 34
26 21
26 22
26 17
26 25
26 28
26 23
26 33
25 28
25 29
25 25
15 4 30
25 31
25 34
25 35
25 19
25 16
25 26
25 27
25 33
25 24
13 14
13 13
13 12
13 15
16 10
13 11
21 6 46 1
21 6 46 3
19 4
19 5
19 6
19 7
19 8
19 9
31 0
END_STATE
END_LABELED_STATE
BEGIN_LABELED_STATE
0
BEGIN_STATE
7 5 25
7 7 34
7 8 19
7 9 16
7 4 16
7 6 34
26 29
26 18
26 20
26 34
26 21
26 22
26 17
26 25
26 28
26 23
26 33
25 28
25 29
25 25
15 4 30
25 31
25 34
25 35
25 19
25 16
25 26
25 27
25 33
25 24
13 14
13 13
13 12
13 15
16 10
13 11
21 6 46 1
21 6 46 3
19 4
19 5
19 6
19 7
19 8
19 9
31 0
22 30
END_STATE
END_LABELED_STATE
BEGIN_LABELED_STATE
5
BEGIN_STATE
7 5 25
7 7 34
7 8 19
7 9 16
7 4 18
7 6 16
26 29
26 18
26 20
26 34
26 21
26 22
26 17
26 25
26 28
26 23
26 33
25 28
25 29
25 25
25 30
25 31
25 34
25 35
25 19
25 16
25 26
25 27
25 33
25 24
13 14
13 13
13 12
13 15
13 10
13 11
21 6 46 1
21 6 46 3
19 4
19 5
19 6
19 7
19 8
19 9
31 0
END_STATE
END_LABELED_STATE
BEGIN_LABELED_STATE
4
BEGIN_STATE
7 5 25
7 7 34
7 8 19
7 9 16
7 4 30
7 6 16
26 29
26 18
26 20
26 34
26 21
26 22
26 17
26 25
26 28
26 23
26 33
25 28
25 29
25 25
25 30
25 31
25 34
25 35
25 19
25 16
25 26
25 27
25 33
25 24
13 14
13 13
13 12
13 15
13 10
13 11
21 6 46 1
21 6 46 3
19 4
19 5
19 6
19 7
19 8
19 9
31 0
END_STATE
END_LABELED_STATE
BEGIN_LABELED_STATE
3
BEGIN_STATE
7 5 25
7 7 34
7 8 19
7 9 16
7 4 30
7 6 16
26 29
26 18
26 20
26 34
26 21
26 22
26 17
26 25
26 28
26 23
26 33
25 28
25 29
25 25
15 4 30
25 31
25 34
25 35
25 19
25 16
25 26
25 27
25 33
25 24
13 14
13 13
13 12
13 15
16 10
13 11
21 6 46 1
21 6 46 3
19 4
19 5
19 6
19 7
19 8
19 9
31 0
END_STATE
END_LABELED_STATE
BEGIN_LABELED_STATE
2
BEGIN_STATE
7 5 25
7 7 34
7 8 19
7 9 16
7 4 18
7 6 16
26 29
26 18
26 20
26 34
26 21
26 22
26 17
26 25
26 28
26 23
26 33
25 28
25 29
25 25
15 4 30
25 31
25 34
25 35
25 19
25 16
25 26
25 27
25 33
25 24
13 14
13 13
13 12
13 15
16 10
13 11
21 6 46 1
21 6 46 3
19 4
19 5
19 6
19 7
19 8
19 9
31 0
END_STATE
END_LABELED_STATE
BEGIN_LABELED_STATE
1
BEGIN_STATE
7 5 25
7 7 34
7 8 19
7 9 16
7 4 16
7 6 16
26 29
26 18
26 20
26 34
26 21
26 22
26 17
26 25
26 28
26 23
26 33
25 28
25 29
25 25
15 4 30
25 31
25 34
25 35
25 19
25 16
25 26
25 27
25 33
25 24
13 14
13 13
13 12
13 15
16 10
13 11
21 6 46 1
21 6 46 3
19 4
19 5
19 6
19 7
19 8
19 9
31 0
END_STATE
END_LABELED_STATE
BEGIN_LABELED_STATE
0
BEGIN_STATE
7 5 25
7 7 34
7 8 19
7 9 16
7 4 16
7 6 16
26 29
26 18
26 20
26 34
26 21
26 22
26 17
26 25
26 28
26 23
26 33
25 28
25 29
25 25
15 4 30
25 31
25 34
25 35
25 19
25 16
25 26
25 27
25 33
25 24
13 14
13 13
13 12
13 15
16 10
13 11
21 6 46 1
21 6 46 3
19 4
19 5
19 6
19 7
19 8
19 9
31 0
22 30
END_STATE
END_LABELED_STATE
BEGIN_LABELED_STATE
5
BEGIN_STATE
7 5 25
7 7 34
7 8 19
7 9 16
7 4 18
7 6 16
26 29
26 18
26 20
26 34
26 21
26 22
26 17
26 25
26 28
26 23
26 33
25 28
25 29
25 25
25 30
25 31
25 34
25 35
25 19
25 16
25 26
25 27
25 33
25 24
13 14
13 13
13 12
13 15
13 10
13 11
21 6 46 1
21 6 46 3
17 37 6
19 4
19 5
19 6
19 7
19 8
19 9
31 0
END_STATE
END_LABELED_STATE
BEGIN_LABELED_STATE
4
BEGIN_STATE
7 5 25
7 7 34
7 8 19
7 9 16
7 4 30
7 6 16
26 29
26 18
26 20
26 34
26 21
26 22
26 17
26 25
26 28
26 23
26 33
25 28
25 29
25 25
25 30
25 31
25 34
25 35
25 19
25 16
25 26
25 27
25 33
25 24
13 14
13 13
13 12
13 15
13 10
13 11
21 6 46 1
21 6 46 3
17 37 6
19 4
19 5
19 6
19 7
19 8
19 9
31 0
END_STATE
END_LABELED_STATE
BEGIN_LABELED_STATE
3
BEGIN_STATE
7 5 25
7 7 34
7 8 19
7 9 16
7 4 30
7 6 16
26 29
26 18
26 20
26 34
26 21
26 22
26 17
26 25
26 28
26 23
26 33
25 28
25 29
25 25
15 4 30
25 31
25 34
25 35
25 19
25 16
25 26
25 27
25 33
25 24
13 14
13 13
13 12
13 15
16 10
13 11
21 6 46 1
21 6 46 3
17 37 6
19 4
19 5
19 6
19 7
19 8
19 9
31 0
END_STATE
END_LABELED_STATE
BEGIN_LABELED_STATE
2
BEGIN_STATE
7 5 25
7 7 34
7 8 19
7 9 16
7 4 18
7 6 16
26 29
26 18
26 20
26 34
26 21
26 22
26 17
26 25
26 28
26 23
26 33
25 28
25 29
25 25
15 4 30
25 31
25 34
25 35
25 19
25 16
25 26
25 27
25 33
25 24
13 14
13 13
13 12
13 15
16 10
13 11
21 6 46 1
21 6 46 3
17 37 6
19 4
19 5
19 6
19 7
19 8
19 9
31 0
END_STATE
END_LABELED_STATE
BEGIN_LABELED_STATE
1
BEGIN_STATE
7 5 25
7 7 34
7 8 19
7 9 16
7 4 16
7 6 16
26 29
26 18
26 20
26 34
26 21
26 22
26 17
26 25
26 28
26 23
26 33
25 28
25 29
25 25
15 4 30
25 31
25 34
25 35
25 19
25 16
25 26
25 27
25 33
25 24
13 14
13 13
13 12
13 15
16 10
13 11
21 6 46 1
21 6 46 3
17 37 6
19 4
19 5
19 6
19 7
19 8
19 9
31 0
END_STATE
END_LABELED_STATE
BEGIN_LABELED_STATE
0
BEGIN_STATE
7 5 25
7 7 34
7 8 19
7 9 16
7 4 16
7 6 16
26 29
26 18
26 20
26 34
26 21
26 22
26 17
26 25
26 28
26 23
26 33
25 28
25 29
25 25
15 4 30
25 31
25 34
25 35
25 19
25 16
25 26
25 27
25 33
25 24
13 14
13 13
13 12
13 15
16 10
13 11
21 6 46 1
21 6 46 3
17 37 6
19 4
19 5
19 6
19 7
19 8
19 9
31 0
22 30
END_STATE
END_LABELED_STATE
BEGIN_LABELED_STATE
5
BEGIN_STATE
7 5 25
7 7 34
7 8 19
7 9 16
7 4 18
7 6 34
26 29
26 18
26 20
26 34
26 21
26 22
26 17
26 25
26 28
26 23
26 33
25 28
25 29
25 25
25 30
25 31
25 34
25 35
25 19
25 16
25 26
25 27
25 33
25 24
13 14
13 13
13 12
13 15
13 10
13 11
21 6 46 1
21 6 46 3
17 37 6
19 4
19 5
19 6
19 7
19 8
19 9
31 0
END_STATE
END_LABELED_STATE
BEGIN_LABELED_STATE
4
BEGIN_STATE
7 5 25
7 7 34
7 8 19
7 9 16
7 4 30
7 6 34
26 29
26 18
26 20
26 34
26 21
26 22
26 17
26 25
26 28
26 23
26 33
25 28
25 29
25 25
25 30
25 31
25 34
25 35
25 19
25 16
25 26
25 27
25 33
25 24
13 14
13 13
13 12
13 15
13 10
13 11
21 6 46 1
21 6 46 3
17 37 6
19 4
19 5
19 6
19 7
19 8
19 9
31 0
END_STATE
END_LABELED_STATE
BEGIN_LABELED_STATE
3
BEGIN_STATE
7 5 25
7 7 34
7 8 19
7 9 16
7 4 30
7 6 34
26 29
26 18
26 20
26 34
26 21
26 22
26 17
26 25
26 28
26 23
26 33
25 28
25 29
25 25
15 4 30
25 31
25 34
25 35
25 19
25 16
25 26
25 27
25 33
25 24
13 14
13 13
13 12
13 15
16 10
13 11
21 6 46 1
21 6 46 3
17 37 6
19 4
19 5
19 6
19 7
19 8
19 9
31 0
END_STATE
END_LABELED_STATE
BEGIN_LABELED_STATE
2
BEGIN_STATE
7 5 25
7 7 34
7 8 19
7 9 16
7 4 18
7 6 34
26 29
26 18
26 20
26 34
26 21
26 22
26 17
26 25
26 28
26 23
26 33
25 28
25 29
25 25
15 4 30
25 31
25 34
25 35
25 19
25 16
25 26
25 27
25 33
25 24
13 14
13 13
13 12
13 15
16 10
13 11
21 6 46 1
21 6 46 3
17 37 6
19 4
19 5
19 6
19 7
19 8
19 9
31 0
END_STATE
END_LABELED_STATE
BEGIN_LABELED_STATE
1
BEGIN_STATE
7 5 25
7 7 34
7 8 19
7 9 16
7 4 16
7 6 34
26 29
26 18
26 20
26 34
26 21
26 22
26 17
26 25
26 28
26 23
26 33
25 28
25 29
25 25
15 4 30
25 31
25 34
25 35
25 19
25 16
25 26
25 27
25 33
25 24
13 14
13 13
13 12
13 15
16 10
13 11
21 6 46 1
21 6 46 3
17 37 6
19 4
19 5
19 6
19 7
19 8
19 9
31 0
END_STATE
END_LABELED_STATE
BEGIN_LABELED_STATE
0
BEGIN_STATE
7 5 25
7 7 34
7 8 19
7 9 16
7 4 16
7 6 34
26 29
26 18
26 20
26 34
26 21
26 22
26 17
26 25
26 28
26 23
26 33
25 28
25 29
25 25
15 4 30
25 31
25 34
25 35
25 19
25 16
25 26
25 27
25 33
25 24
13 14
13 13
13 12
13 15
16 10
13 11
21 6 46 1
21 6 46 3
17 37 6
19 4
19 5
19 6
19 7
19 8
19 9
31 0
22 30
END_STATE
END_LABELED_STATE
BEGIN_LABELED_STATE
5
BEGIN_STATE
7 5 25
7 7 34
7 8 19
7 9 16
7 4 18
7 6 34
26 29
26 18
26 20
26 34
26 21
26 22
26 17
26 25
26 28
26 23
26 33
25 28
25 29
25 25
25 30
25 31
15 6 34
25 35
25 19
25 16
25 26
25 27
25 33
25 24
13 14
13 13
16 12
13 15
13 10
13 11
21 6 46 1
21 6 46 3
17 37 6
19 4
19 5
19 6
19 7
19 8
19 9
31 0
END_STATE
END_LABELED_STATE
BEGIN_LABELED_STATE
4
BEGIN_STATE
7 5 25
7 7 34
7 8 19
7 9 16
7 4 30
7 6 34
26 29
26 18
26 20
26 34
26 21
26 22
26 17
26 25
26 28
26 23
26 33
25 28
25 29
25 25
25 30
25 31
15 6 34
25 35
25 19
25 16
25 26
25 27
25 33
25 24
13 14
13 13
16 12
13 15
13 10
13 11
21 6 46 1
21 6 46 3
17 37 6
19 4
19 5
19 6
19 7
19 8
19 9
31 0
END_STATE
END_LABELED_STATE
BEGIN_LABELED_STATE
3
BEGIN_STATE
7 5 25
7 7 34
7 8 19
7 9 16
7 4 30
7 6 34
26 29
26 18
26 20
26 34
26 21
26 22
26 17
26 25
26 28
26 23
26 33
25 28
25 29
25 25
15 4 30
25 31
15 6 34
25 35
25 19
25 16
25 26
25 27
25 33
25 24
13 14
13 13
16 12
13 15
16 10
13 11
21 6 46 1
21 6 46 3
17 37 6
19 4
19 5
19 6
19 7
19 8
19 9
31 0
END_STATE
END_LABELED_STATE
BEGIN_LABELED_STATE
2
BEGIN_STATE
7 5 25
7 7 34
7 8 19
7 9 16
7 4 18
7 6 34
26 29
26 18
26 20
26 34
26 21
26 22
26 17
26 25
26 28
26 23
26 33
25 28
25 29
25 25
15 4 30
25 31
15 6 34
25 35
25 19
25 16
25 26
25 27
25 33
25 24
13 14
13 13
16 12
13 15
16 10
13 11
21 6 46 1
21 6 46 3
17 37 6
19 4
19 5
19 6
19 7
19 8
19 9
31 0
END_STATE
END_LABELED_STATE
BEGIN_LABELED_STATE
1
BEGIN_STATE
7 5 25
7 7 34
7 8 19
7 9 16
7 4 16
7 6 34
26 29
26 18
26 20
26 34
26 21
26 22
26 17
26 25
26 28
26 23
26 33
25 28
25 29
25 25
15 4 30
25 31
15 6 34
25 35
25 19
25 16
25 26
25 27
25 33
25 24
13 14
13 13
16 12
13 15
16 10
13 11
21 6 46 1
21 6 46 3
17 37 6
19 4
19 5
19 6
19 7
19 8
19 9
31 0
END_STATE
END_LABELED_STATE
BEGIN_LABELED_STATE
0
BEGIN_STATE
7 5 25
7 7 34
7 8 19
7 9 16
7 4 16
7 6 34
26 29
26 18
26 20
26 34
26 21
26 22
26 17
26 25
26 28
26 23
26 33
25 28
25 29
25 25
15 4 30
25 31
15 6 34
25 35
25 19
25 16
25 26
25 27
25 33
25 24
13 14
13 13
16 12
13 15
16 10
13 11
21 6 46 1
21 6 46 3
17 37 6
19 4
19 5
19 6
19 7
19 8
19 9
31 0
22 30
END_STATE
END_LABELED_STATE
BEGIN_LABELED_STATE
5
BEGIN_STATE
7 5 25
7 7 34
7 8 19
7 9 16
7 4 18
7 6 34
26 29
26 18
26 20
26 34
26 21
26 22
26 17
26 25
26 28
26 23
26 33
25 28
25 29
25 25
25 30
25 31
15 6 34
25 35
25 19
25 16
25 26
25 27
25 33
25 24
13 14
13 13
13 12
13 15
13 10
13 11
21 6 46 1
21 6 46 3
17 37 6
19 4
19 5
19 6
19 7
19 8
19 9
31 0
END_STATE
END_LABELED_STATE
BEGIN_LABELED_STATE
4
BEGIN_STATE
7 5 25
7 7 34
7 8 19
7 9 16
7 4 30
7 6 34
26 29
26 18
26 20
26 34
26 21
26 22
26 17
26 25
26 28
26 23
26 33
25 28
25 29
25 25
25 30
25 31
15 6 34
25 35
25 19
25 16
25 26
25 27
25 33
25 24
13 14
13 13
13 12
13 15
13 10
13 11
21 6 46 1
21 6 46 3
17 37 6
19 4
19 5
19 6
19 7
19 8
19 9
31 0
END_STATE
END_LABELED_STATE
BEGIN_LABELED_STATE
3
BEGIN_STATE
7 5 25
7 7 34
7 8 19
7 9 16
7 4 30
7 6 34
26 29
26 18
26 20
26 34
26 21
26 22
26 17
26 25
26 28
26 23
26 33
25 28
25 29
25 25
15 4 30
25 31
15 6 34
25 35
25 19
25 16
25 26
25 27
25 33
25 24
13 14
13 13
13 12
13 15
16 10
13 11
21 6 46 1
21 6 46 3
17 37 6
19 4
19 5
19 6
19 7
19 8
19 9
31 0
END_STATE
END_LABELED_STATE
BEGIN_LABELED_STATE
2
BEGIN_STATE
7 5 25
7 7 34
7 8 19
7 9 16
7 4 18
7 6 34
26 29
26 18
26 20
26 34
26 21
26 22
26 17
26 25
26 28
26 23
26 33
25 28
25 29
25 25
15 4 30
25 31
15 6 34
25 35
25 19
25 16
25 26
25 27
25 33
25 24
13 14
13 13
13 12
13 15
16 10
13 11
21 6 46 1
21 6 46 3
17 37 6
19 4
19 5
19 6
19 7
19 8
19 9
31 0
END_STATE
END_LABELED_STATE
BEGIN_LABELED_STATE
1
BEGIN_STATE
7 5 25
7 7 34
7 8 19
7 9 16
7 4 16
7 6 34
26 29
26 18
26 20
26 34
26 21
26 22
26 17
26 25
26 28
26 23
26 33
25 28
25 29
25 25
15 4 30
25 31
15 6 34
25 35
25 19
25 16
25 26
25 27
25 33
25 24
13 14
13 13
13 12
13 15
16 10
13 11
21 6 46 1
21 6 46 3
17 37 6
19 4
19 5
19 6
19 7
19 8
19 9
31 0
END_STATE
END_LABELED_STATE
BEGIN_LABELED_STATE
0
BEGIN_STATE
7 5 25
7 7 34
7 8 19
7 9 16
7 4 16
7 6 34
26 29
26 18
26 20
26 34
26 21
26 22
26 17
26 25
26 28
26 23
26 33
25 28
25 29
25 25
15 4 30
25 31
15 6 34
25 35
25 19
25 16
25 26
25 27
25 33
25 24
13 14
13 13
13 12
13 15
16 10
13 11
21 6 46 1
21 6 46 3
17 37 6
19 4
19 5
19 6
19 7
19 8
19 9
31 0
22 30
END_STATE
END_LABELED_STATE
BEGIN_LABELED_STATE
5
BEGIN_STATE
7 5 25
7 7 34
7 8 19
7 9 16
7 4 18
7 6 16
26 29
26 18
26 20
26 34
26 21
26 22
26 17
26 25
26 28
26 23
26 33
25 28
25 29
25 25
25 30
25 31
15 6 34
25 35
25 19
25 16
25 26
25 27
25 33
25 24
13 14
13 13
13 12
13 15
13 10
13 11
21 6 46 1
21 6 46 3
17 37 6
19 4
19 5
19 6
19 7
19 8
19 9
31 0
END_STATE
END_LABELED_STATE
BEGIN_LABELED_STATE
4
BEGIN_STATE
7 5 25
7 7 34
7 8 19
7 9 16
7 4 30
7 6 16
26 29
26 18
26 20
26 34
26 21
26 22
26 17
26 25
26 28
26 23
26 33
25 28
25 29
25 25
25 30
25 31
15 6 34
25 35
25 19
25 16
25 26
25 27
25 33
25 24
13 14
13 13
13 12
13 15
13 10
13 11
21 6 46 1
21 6 46 3
17 37 6
19 4
19 5
19 6
19 7
19 8
19 9
31 0
END_STATE
END_LABELED_STATE
BEGIN_LABELED_STATE
3
BEGIN_STATE
7 5 25
7 7 34
7 8 19
7 9 16
7 4 30
7 6 16
26 29
26 18
26 20
26 34
26 21
26 22
26 17
26 25
26 28
26 23
26 33
25 28
25 29
25 25
15 4 30
25 31
15 6 34
25 35
25 19
25 16
25 26
25 27
25 33
25 24
13 14
13 13
13 12
13 15
16 10
13 11
21 6 46 1
21 6 46 3
17 37 6
19 4
19 5
19 6
19 7
19 8
19 9
31 0
END_STATE
END_LABELED_STATE
BEGIN_LABELED_STATE
2
BEGIN_STATE
7 5 25
7 7 34
7 8 19
7 9 16
7 4 18
7 6 16
26 29
26 18
26 20
26 34
26 21
26 22
26 17
26 25
26 28
26 23
26 33
25 28
25 29
25 25
15 4 30
25 31
15 6 34
25 35
25 19
25 16
25 26
25 27
25 33
25 24
13 14
13 13
13 12
13 15
16 10
13 11
21 6 46 1
21 6 46 3
17 37 6
19 4
19 5
19 6
19 7
19 8
19 9
31 0
END_STATE
END_LABELED_STATE
BEGIN_LABELED_STATE
1
BEGIN_STATE
7 5 25
7 7 34
7 8 19
7 9 16
7 4 16
7 6 16
26 29
26 18
26 20
26 34
26 21
26 22
26 17
26 25
26 28
26 23
26 33
25 28
25 29
25 25
15 4 30
25 31
15 6 34
25 35
25 19
25 16
25 26
25 27
25 33
25 24
13 14
13 13
13 12
13 15
16 10
13 11
21 6 46 1
21 6 46 3
17 37 6
19 4
19 5
19 6
19 7
19 8
19 9
31 0
END_STATE
END_LABELED_STATE
BEGIN_LABELED_STATE
0
BEGIN_STATE
7 5 25
7 7 34
7 8 19
7 9 16
7 4 16
7 6 16
26 29
26 18
26 20
26 34
26 21
26 22
26 17
26 25
26 28
26 23
26 33
25 28
25 29
25 25
15 4 30
25 31
15 6 34
25 35
25 19
25 16
25 26
25 27
25 33
25 24
13 14
13 13
13 12
13 15
16 10
13 11
21 6 46 1
21 6 46 3
17 37 6
19 4
19 5
19 6
19 7
19 8
19 9
31 0
22 30
END_STATE
END_LABELED_STATE
BEGIN_LABELED_STATE
5
BEGIN_STATE
7 5 25
7 7 34
7 8 19
7 9 16
7 4 18
7 6 33
26 29
26 18
26 20
26 34
26 21
26 22
26 17
26 25
26 28
26 23
26 33
25 28
25 29
25 25
25 30
25 31
15 6 34
25 35
25 19
25 16
25 26
25 27
25 33
25 24
13 14
13 13
13 12
13 15
13 10
13 11
21 6 46 1
21 6 46 3
17 37 6
19 4
19 5
19 6
19 7
19 8
19 9
31 0
END_STATE
END_LABELED_STATE
BEGIN_LABELED_STATE
4
BEGIN_STATE
7 5 25
7 7 34
7 8 19
7 9 16
7 4 30
7 6 33
26 29
26 18
26 20
26 34
26 21
26 22
26 17
26 25
26 28
26 23
26 33
25 28
25 29
25 25
25 30
25 31
15 6 34
25 35
25 19
25 16
25 26
25 27
25 33
25 24
13 14
13 13
13 12
13 15
13 10
13 11
21 6 46 1
21 6 46 3
17 37 6
19 4
19 5
19 6
19 7
19 8
19 9
31 0
END_STATE
END_LABELED_STATE
BEGIN_LABELED_STATE
3
BEGIN_STATE
7 5 25
7 7 34
7 8 19
7 9 16
7 4 30
7 6 33
26 29
26 18
26 20
26 34
26 21
26 22
26 17
26 25
26 28
26 23
26 33
25 28
25 29
25 25
15 4 30
25 31
15 6 34
25 35
25 19
25 16
25 26
25 27
25 33
25 24
13 14
13 13
13 12
13 15
16 10
13 11
21 6 46 1
21 6 46 3
17 37 6
19 4
19 5
19 6
19 7
19 8
19 9
31 0
END_STATE
END_LABELED_STATE
BEGIN_LABELED_STATE
2
BEGIN_STATE
7 5 25
7 7 34
7 8 19
7 9 16
7 4 18
7 6 33
26 29
26 18
26 20
26 34
26 21
26 22
26 17
26 25
26 28
26 23
26 33
25 28
25 29
25 25
15 4 30
25 31
15 6 34
25 35
25 19
25 16
25 26
25 27
25 33
25 24
13 14
13 13
13 12
13 15
16 10
13 11
21 6 46 1
21 6 46 3
17 37 6
19 4
19 5
19 6
19 7
19 8
19 9
31 0
END_STATE
END_LABELED_STATE
BEGIN_LABELED_STATE
1
BEGIN_STATE
7 5 25
7 7 34
7 8 19
7 9 16
7 4 16
7 6 33
26 29
26 18
26 20
26 34
26 21
26 22
26 17
26 25
26 28
26 23
26 33
25 28
25 29
25 25
15 4 30
25 31
15 6 34
25 35
25 19
25 16
25 26
25 27
25 33
25 24
13 14
13 13
13 12
13 15
16 10
13 11
21 6 46 1
21 6 46 3
17 37 6
19 4
19 5
19 6
19 7
19 8
19 9
31 0
END_STATE
END_LABELED_STATE
BEGIN_LABELED_STATE
0
BEGIN_STATE
7 5 25
7 7 34
7 8 19
7 9 16
7 4 16
7 6 33
26 29
26 18
26 20
26 34
26 21
26 22
26 17
26 25
26 28
26 23
26 33
25 28
25 29
25 25
15 4 30
25 31
15 6 34
25 35
25 19
25 16
25 26
25 27
25 33
25 24
13 14
13 13
13 12
13 15
16 10
13 11
21 6 46 1
21 6 46 3
17 37 6
19 4
19 5
19 6
19 7
19 8
19 9
31 0
22 30
END_STATE
END_LABELED_STATE
BEGIN_LABELED_STATE
5
BEGIN_STATE
7 5 25
7 7 34
7 8 19
7 9 16
7 4 18
7 6 33
26 29
26 18
26 20
26 34
26 21
26 22
26 17
26 25
26 28
26 23
26 33
25 28
25 29
25 25
25 30
25 31
15 6 34
25 35
25 19
25 16
25 26
25 27
25 33
25 24
13 14
13 13
13 12
13 15
13 10
13 11
21 6 46 1
21 6 46 3
19 4
19 5
19 6
19 7
19 8
19 9
31 0
END_STATE
END_LABELED_STATE
BEGIN_LABELED_STATE
4
BEGIN_STATE
7 5 25
7 7 34
7 8 19
7 9 16
7 4 30
7 6 33
26 29
26 18
26 20
26 34
26 21
26 22
26 17
26 25
26 28
26 23
26 33
25 28
25 29
25 25
25 30
25 31
15 6 34
25 35
25 19
25 16
25 26
25 27
25 33
25 24
13 14
13 13
13 12
13 15
13 10
13 11
21 6 46 1
21 6 46 3
19 4
19 5
19 6
19 7
19 8
19 9
31 0
END_STATE
END_LABELED_STATE
BEGIN_LABELED_STATE
3
BEGIN_STATE
7 5 25
7 7 34
7 8 19
7 9 16
7 4 30
7 6 33
26 29
26 18
26 20
26 34
26 21
26 22
26 17
26 25
26 28
26 23
26 33
25 28
25 29
25 25
15 4 30
25 31
15 6 34
25 35
25 19
25 16
25 26
25 27
25 33
25 24
13 14
13 13
13 12
13 15
16 10
13 11
21 6 46 1
21 6 46 3
19 4
19 5
19 6
19 7
19 8
19 9
31 0
END_STATE
END_LABELED_STATE
BEGIN_LABELED_STATE
2
BEGIN_STATE
7 5 25
7 7 34
7 8 19
7 9 16
7 4 18
7 6 33
26 29
26 18
26 20
26 34
26 21
26 22
26 17
26 25
26 28
26 23
26 33
25 28
25 29
25 25
15 4 30
25 31
15 6 34
25 35
25 19
25 16
25 26
25 27
25 33
25 24
13 14
13 13
13 12
13 15
16 10
13 11
21 6 46 1
21 6 46 3
19 4
19 5
19 6
19 7
19 8
19 9
31 0
END_STATE
END_LABELED_STATE
BEGIN_LABELED_STATE
1
BEGIN_STATE
7 5 25
7 7 34
7 8 19
7 9 16
7 4 16
7 6 33
26 29
26 18
26 20
26 34
26 21
26 22
26 17
26 25
26 28
26 23
26 33
25 28
25 29
25 25
15 4 30
25 31
15 6 34
25 35
25 19
25 16
25 26
25 27
25 33
25 24
13 14
13 13
13 12
13 15
16 10
13 11
21 6 46 1
21 6 46 3
19 4
19 5
19 6
19 7
19 8
19 9
31 0
END_STATE
END_LABELED_STATE
BEGIN_LABELED_STATE
0
BEGIN_STATE
7 5 25
7 7 34
7 8 19
7 9 16
7 4 16
7 6 33
26 29
26 18
26 20
26 34
26 21
26 22
26 17
26 25
26 28
26 23
26 33
25 28
25 29
25 25
15 4 30
25 31
15 6 34
25 35
25 19
25 16
25 26
25 27
25 33
25 24
13 14
13 13
13 12
13 15
16 10
13 11
21 6 46 1
21 6 46 3
19 4
19 5
19 6
19 7
19 8
19 9
31 0
22 30
END_STATE
END_LABELED_STATE
BEGIN_LABELED_STATE
5
BEGIN_STATE
7 5 25
7 7 34
7 8 19
7 9 16
7 4 18
7 6 16
26 29
26 18
26 20
26 34
26 21
26 22
26 17
26 25
26 28
26 23
26 33
25 28
25 29
25 25
25 30
25 31
15 6 34
25 35
25 19
25 16
25 26
25 27
25 33
25 24
13 14
13 13
13 12
13 15
13 10
13 11
21 6 46 1
21 6 46 3
19 4
19 5
19 6
19 7
19 8
19 9
31 0
END_STATE
END_LABELED_STATE
BEGIN_LABELED_STATE
4
BEGIN_STATE
7 5 25
7 7 34
7 8 19
7 9 16
7 4 30
7 6 16
26 29
26 18
26 20
26 34
26 21
26 22
26 17
26 25
26 28
26 23
26 33
25 28
25 29
25 25
25 30
25 31
15 6 34
25 35
25 19
25 16
25 26
25 27
25 33
25 24
13 14
13 13
13 12
13 15
13 10
13 11
21 6 46 1
21 6 46 3
19 4
19 5
19 6
19 7
19 8
19 9
31 0
END_STATE
END_LABELED_STATE
BEGIN_LABELED_STATE
3
BEGIN_STATE
7 5 25
7 7 34
7 8 19
7 9 16
7 4 30
7 6 16
26 29
26 18
26 20
26 34
26 21
26 22
26 17
26 25
26 28
26 23
26 33
25 28
25 29
25 25
15 4 30
25 31
15 6 34
25 35
25 19
25 16
25 26
25 27
25 33
25 24
13 14
13 13
13 12
13 15
16 10
13 11
21 6 46 1
21 6 46 3
19 4
19 5
19 6
19 7
19 8
19 9
31 0
END_STATE
END_LABELED_STATE
BEGIN_LABELED_STATE
2
BEGIN_STATE
7 5 25
7 7 34
7 8 19
7 9 16
7 4 18
7 6 16
26 29
26 18
26 20
26 34
26 21
26 22
26 17
26 25
26 28
26 23
26 33
25 28
25 29
25 25
15 4 30
25 31
15 6 34
25 35
25 19
25 16
25 26
25 27
25 33
25 24
13 14
13 13
13 12
13 15
16 10
13 11
21 6 46 1
21 6 46 3
19 4
19 5
19 6
19 7
19 8
19 9
31 0
END_STATE
END_LABELED_STATE
BEGIN_LABELED_STATE
1
BEGIN_STATE
7 5 25
7 7 34
7 8 19
7 9 16
7 4 16
7 6 16
26 29
26 18
26 20
26 34
26 21
26 22
26 17
26 25
26 28
26 23
26 33
25 28
25 29
25 25
15 4 30
25 31
15 6 34
25 35
25 19
25 16
25 26
25 27
25 33
25 24
13 14
13 13
13 12
13 15
16 10
13 11
21 6 46 1
21 6 46 3
19 4
19 5
19 6
19 7
19 8
19 9
31 0
END_STATE
END_LABELED_STATE
BEGIN_LABELED_STATE
0
BEGIN_STATE
7 5 25
7 7 34
7 8 19
7 9 16
7 4 16
7 6 16
26 29
26 18
26 20
26 34
26 21
26 22
26 17
26 25
26 28
26 23
26 33
25 28
25 29
25 25
15 4 30
25 31
15 6 34
25 35
25 19
25 16
25 26
25 27
25 33
25 24
13 14
13 13
13 12
13 15
16 10
13 11
21 6 46 1
21 6 46 3
19 4
19 5
19 6
19 7
19 8
19 9
31 0
22 30
END_STATE
END_LABELED_STATE
BEGIN_LABELED_STATE
5
BEGIN_STATE
7 5 25
7 7 34
7 8 19
7 9 16
7 4 18
7 6 34
26 29
26 18
26 20
26 34
26 21
26 22
26 17
26 25
26 28
26 23
26 33
25 28
25 29
25 25
25 30
25 31
15 6 34
25 35
25 19
25 16
25 26
25 27
25 33
25 24
13 14
13 13
13 12
13 15
13 10
13 11
21 6 46 1
21 6 46 3
19 4
19 5
19 6
19 7
19 8
19 9
31 0
END_STATE
END_LABELED_STATE
BEGIN_LABELED_STATE
4
BEGIN_STATE
7 5 25
7 7 34
7 8 19
7 9 16
7 4 30
7 6 34
26 29
26 18
26 20
26 34
26 21
26 22
26 17
26 25
26 28
26 23
26 33
25 28
25 29
25 25
25 30
25 31
15 6 34
25 35
25 19
25 16
25 26
25 27
25 33
25 24
13 14
13 13
13 12
13 15
13 10
13 11
21 6 46 1
21 6 46 3
19 4
19 5
19 6
19 7
19 8
19 9
31 0
END_STATE
END_LABELED_STATE
BEGIN_LABELED_STATE
3
BEGIN_STATE
7 5 25
7 7 34
7 8 19
7 9 16
7 4 30
7 6 34
26 29
26 18
26 20
26 34
26 21
26 22
26 17
26 25
26 28
26 23
26 33
25 28
25 29
25 25
15 4 30
25 31
15 6 34
25 35
25 19
25 16
25 26
25 27
25 33
25 24
13 14
13 13
13 12
13 15
16 10
13 11
21 6 46 1
21 6 46 3
19 4
19 5
19 6
19 7
19 8
19 9
31 0
END_STATE
END_LABELED_STATE
BEGIN_LABELED_STATE
2
BEGIN_STATE
7 5 25
7 7 34
7 8 19
7 9 16
7 4 18
7 6 34
26 29
26 18
26 20
26 34
26 21
26 22
26 17
26 25
26 28
26 23
26 33
25 28
25 29
25 25
15 4 30
25 31
15 6 34
25 35
25 19
25 16
25 26
25 27
25 33
25 24
13 14
13 13
13 12
13 15
16 10
13 11
21 6 46 1
21 6 46 3
19 4
19 5
19 6
19 7
19 8
19 9
31 0
END_STATE
END_LABELED_STATE
BEGIN_LABELED_STATE
1
BEGIN_STATE
7 5 25
7 7 34
7 8 19
7 9 16
7 4 16
7 6 34
26 29
26 18
26 20
26 34
26 21
26 22
26 17
26 25
26 28
26 23
26 33
25 28
25 29
25 25
15 4 30
25 31
15 6 34
25 35
25 19
25 16
25 26
25 27
25 33
25 24
13 14
13 13
13 12
13 15
16 10
13 11
21 6 46 1
21 6 46 3
19 4
19 5
19 6
19 7
19 8
19 9
31 0
END_STATE
END_LABELED_STATE
BEGIN_LABELED_STATE
0
BEGIN_STATE
7 5 25
7 7 34
7 8 19
7 9 16
7 4 16
7 6 34
26 29
26 18
26 20
26 34
26 21
26 22
26 17
26 25
26 28
26 23
26 33
25 28
25 29
25 25
15 4 30
25 31
15 6 34
25 35
25 19
25 16
25 26
25 27
25 33
25 24
13 14
13 13
13 12
13 15
16 10
13 11
21 6 46 1
21 6 46 3
19 4
19 5
19 6
19 7
19 8
19 9
31 0
22 30
END_STATE
END_LABELED_STATE
BEGIN_LABELED_STATE
5
BEGIN_STATE
7 5 25
7 7 34
7 8 19
7 9 16
7 4 18
7 6 34
26 29
26 18
26 20
26 34
26 21
26 22
26 17
26 25
26 28
26 23
26 33
25 28
25 29
25 25
25 30
25 31
15 6 34
25 35
25 19
25 16
25 26
25 27
25 33
25 24
13 14
13 13
13 12
13 15
13 10
13 11
21 6 46 1
21 6 46 3
17 41 4
19 4
19 5
19 6
19 7
19 8
19 9
31 0
END_STATE
END_LABELED_STATE
BEGIN_LABELED_STATE
4
BEGIN_STATE
7 5 25
7 7 34
7 8 19
7 9 16
7 4 30
7 6 34
26 29
26 18
26 20
26 34
26 21
26 22
26 17
26 25
26 28
26 23
26 33
25 28
25 29
25 25
25 30
25 31
15 6 34
25 35
25 19
25 16
25 26
25 27
25 33
25 24
13 14
13 13
13 12
13 15
13 10
13 11
21 6 46 1
21 6 46 3
17 41 4
19 4
19 5
19 6
19 7
19 8
19 9
31 0
END_STATE
END_LABELED_STATE
BEGIN_LABELED_STATE
3
BEGIN_STATE
7 5 25
7 7 34
7 8 19
7 9 16
7 4 30
7 6 34
26 29
26 18
26 20
26 34
26 21
26 22
26 17
26 25
26 28
26 23
26 33
25 28
25 29
25 25
15 4 30
25 31
15 6 34
25 35
25 19
25 16
25 26
25 27
25 33
25 24
13 14
13 13
13 12
13 15
16 10
13 11
21 6 46 1
21 6 46 3
17 41 4
19 4
19 5
19 6
19 7
19 8
19 9
31 0
END_STATE
END_LABELED_STATE
BEGIN_LABELED_STATE
2
BEGIN_STATE
7 5 25
7 7 34
7 8 19
7 9 16
7 4 18
7 6 34
26 29
26 18
26 20
26 34
26 21
26 22
26 17
26 25
26 28
26 23
26 33
25 28
25 29
25 25
15 4 30
25 31
15 6 34
25 35
25 19
25 16
25 26
25 27
25 33
25 24
13 14
13 13
13 12
13 15
16 10
13 11
21 6 46 1
21 6 46 3
17 41 4
19 4
19 5
19 6
19 7
19 8
19 9
31 0
END_STATE
END_LABELED_STATE
BEGIN_LABELED_STATE
1
BEGIN_STATE
7 5 25
7 7 34
7 8 19
7 9 16
7 4 16
7 6 34
26 29
26 18
26 20
26 34
26 21
26 22
26 17
26 25
26 28
26 23
26 33
25 28
25 29
25 25
15 4 30
25 31
15 6 34
25 35
25 19
25 16
25 26
25 27
25 33
25 24
13 14
13 13
13 12
13 15
16 10
13 11
21 6 46 1
21 6 46 3
17 41 4
19 4
19 5
19 6
19 7
19 8
19 9
31 0
END_STATE
END_LABELED_STATE
BEGIN_LABELED_STATE
0
BEGIN_STATE
7 5 25
7 7 34
7 8 19
7 9 16
7 4 16
7 6 34
26 29
26 18
26 20
26 34
26 21
26 22
26 17
26 25
26 28
26 23
26 33
25 28
25 29
25 25
15 4 30
25 31
15 6 34
25 35
25 19
25 16
25 26
25 27
25 33
25 24
13 14
13 13
13 12
13 15
16 10
13 11
21 6 46 1
21 6 46 3
17 41 4
19 4
19 5
19 6
19 7
19 8
19 9
31 0
22 30
END_STATE
END_LABELED_STATE
BEGIN_LABELED_STATE
5
BEGIN_STATE
7 5 25
7 7 34
7 8 19
7 9 16
7 4 18
7 6 16
26 29
26 18
26 20
26 34
26 21
26 22
26 17
26 25
26 28
26 23
26 33
25 28
25 29
25 25
25 30
25 31
15 6 34
25 35
25 19
25 16
25 26
25 27
25 33
25 24
13 14
13 13
13 12
13 15
13 10
13 11
21 6 46 1
21 6 46 3
17 41 4
19 4
19 5
19 6
19 7
19 8
19 9
31 0
END_STATE
END_LABELED_STATE
BEGIN_LABELED_STATE
4
BEGIN_STATE
7 5 25
7 7 34
7 8 19
7 9 16
7 4 30
7 6 16
26 29
26 18
26 20
26 34
26 21
26 22
26 17
26 25
26 28
26 23
26 33
25 28
25 29
25 25
25 30
25 31
15 6 34
25 35
25 19
25 16
25 26
25 27
25 33
25 24
13 14
13 13
13 12
13 15
13 10
13 11
21 6 46 1
21 6 46 3
17 41 4
19 4
19 5
19 6
19 7
19 8
19 9
31 0
END_STATE
END_LABELED_STATE
BEGIN_LABELED_STATE
3
BEGIN_STATE
7 5 25
7 7 34
7 8 19
7 9 16
7 4 30
7 6 16
26 29
26 18
26 20
26 34
26 21
26 22
26 17
26 25
26 28
26 23
26 33
25 28
25 29
25 25
15 4 30
25 31
15 6 34
25 35
25 19
25 16
25 26
25 27
25 33
25 24
13 14
13 13
13 12
13 15
16 10
13 11
21 6 46 1
21 6 46 3
17 41 4
19 4
19 5
19 6
19 7
19 8
19 9
31 0
END_STATE
END_LABELED_STATE
BEGIN_LABELED_STATE
2
BEGIN_STATE
7 5 25
7 7 34
7 8 19
7 9 16
7 4 18
7 6 16
26 29
26 18
26 20
26 34
26 21
26 22
26 17
26 25
26 28
26 23
26 33
25 28
25 29
25 25
15 4 30
25 31
15 6 34
25 35
25 19
25 16
25 26
25 27
25 33
25 24
13 14
13 13
13 12
13 15
16 10
13 11
21 6 46 1
21 6 46 3
17 41 4
19 4
19 5
19 6
19 7
19 8
19 9
31 0
END_STATE
END_LABELED_STATE
BEGIN_LABELED_STATE
1
BEGIN_STATE
7 5 25
7 7 34
7 8 19
7 9 16
7 4 16
7 6 16
26 29
26 18
26 20
26 34
26 21
26 22
26 17
26 25
26 28
26 23
26 33
25 28
25 29
25 25
15 4 30
25 31
15 6 34
25 35
25 19
25 16
25 26
25 27
25 33
25 24
13 14
13 13
13 12
13 15
16 10
13 11
21 6 46 1
21 6 46 3
17 41 4
19 4
19 5
19 6
19 7
19 8
19 9
31 0
END_STATE
END_LABELED_STATE
BEGIN_LABELED_STATE
0
BEGIN_STATE
7 5 25
7 7 34
7 8 19
7 9 16
7 4 16
7 6 16
26 29
26 18
26 20
26 34
26 21
26 22
26 17
26 25
26 28
26 23
26 33
25 28
25 29
25 25
15 4 30
25 31
15 6 34
25 35
25 19
25 16
25 26
25 27
25 33
25 24
13 14
13 13
13 12
13 15
16 10
13 11
21 6 46 1
21 6 46 3
17 41 4
19 4
19 5
19 6
19 7
19 8
19 9
31 0
22 30
END_STATE
END_LABELED_STATE
BEGIN_LABELED_STATE
5
BEGIN_STATE
7 5 25
7 7 34
7 8 19
7 9 16
7 4 18
7 6 16
26 29
26 18
26 20
26 34
26 21
26 22
26 17
26 25
26 28
26 23
26 33
25 28
25 29
25 25
25 30
25 31
15 6 34
25 35
25 19
25 16
25 26
25 27
25 33
25 24
13 14
13 13
13 12
13 15
13 10
13 11
21 6 46 1
21 6 46 3
17 37 6
17 41 4
19 4
19 5
19 6
19 7
19 8
19 9
31 0
END_STATE
END_LABELED_STATE
BEGIN_LABELED_STATE
4
BEGIN_STATE
7 5 25
7 7 34
7 8 19
7 9 16
7 4 30
7 6 16
26 29
26 18
26 20
26 34
26 21
26 22
26 17
26 25
26 28
26 23
26 33
25 28
25 29
25 25
25 30
25 31
15 6 34
25 35
25 19
25 16
25 26
25 27
25 33
25 24
13 14
13 13
13 12
13 15
13 10
13 11
21 6 46 1
21 6 46 3
17 37 6
17 41 4
19 4
19 5
19 6
19 7
19 8
19 9
31 0
END_STATE
END_LABELED_STATE
BEGIN_LABELED_STATE
3
BEGIN_STATE
7 5 25
7 7 34
7 8 19
7 9 16
7 4 30
7 6 16
26 29
26 18
26 20
26 34
26 21
26 22
26 17
26 25
26 28
26 23
26 33
25 28
25 29
25 25
15 4 30
25 31
15 6 34
25 35
25 19
25 16
25 26
25 27
25 33
25 24
13 14
13 13
13 12
13 15
16 10
13 11
21 6 46 1
21 6 46 3
17 37 6
17 41 4
19 4
19 5
19 6
19 7
19 8
19 9
31 0
END_STATE
END_LABELED_STATE
BEGIN_LABELED_STATE
2
BEGIN_STATE
7 5 25
7 7 34
7 8 19
7 9 16
7 4 18
7 6 16
26 29
26 18
26 20
26 34
26 21
26 22
26 17
26 25
26 28
26 23
26 33
25 28
25 29
25 25
15 4 30
25 31
15 6 34
25 35
25 19
25 16
25 26
25 27
25 33
25 24
13 14
13 13
13 12
13 15
16 10
13 11
21 6 46 1
21 6 46 3
17 37 6
17 41 4
19 4
19 5
19 6
19 7
19 8
19 9
31 0
END_STATE
END_LABELED_STATE
BEGIN_LABELED_STATE
1
BEGIN_STATE
7 5 25
7 7 34
7 8 19
7 9 16
7 4 16
7 6 16
26 29
26 18
26 20
26 34
26 21
26 22
26 17
26 25
26 28
26 23
26 33
25 28
25 29
25 25
15 4 30
25 31
15 6 34
25 35
25 19
25 16
25 26
25 27
25 33
25 24
13 14
13 13
13 12
13 15
16 10
13 11
21 6 46 1
21 6 46 3
17 37 6
17 41 4
19 4
19 5
19 6
19 7
19 8
19 9
31 0
END_STATE
END_LABELED_STATE
BEGIN_LABELED_STATE
0
BEGIN_STATE
7 5 25
7 7 34
7 8 19
7 9 16
7 4 16
7 6 16
26 29
26 18
26 20
26 34
26 21
26 22
26 17
26 25
26 28
26 23
26 33
25 28
25 29
25 25
15 4 30
25 31
15 6 34
25 35
25 19
25 16
25 26
25 27
25 33
25 24
13 14
13 13
13 12
13 15
16 10
13 11
21 6 46 1
21 6 46 3
17 37 6
17 41 4
19 4
19 5
19 6
19 7
19 8
19 9
31 0
22 30
END_STATE
END_LABELED_STATE
BEGIN_LABELED_STATE
5
BEGIN_STATE
7 5 25
7 7 34
7 8 19
7 9 16
7 4 18
7 6 34
26 29
26 18
26 20
26 34
26 21
26 22
26 17
26 25
26 28
26 23
26 33
25 28
25 29
25 25
25 30
25 31
15 6 34
25 35
25 19
25 16
25 26
25 27
25 33
25 24
13 14
13 13
13 12
13 15
13 10
13 11
21 6 46 1
21 6 46 3
17 37 6
17 41 4
19 4
19 5
19 6
19 7
19 8
19 9
31 0
END_STATE
END_LABELED_STATE
BEGIN_LABELED_STATE
4
BEGIN_STATE
7 5 25
7 7 34
7 8 19
7 9 16
7 4 30
7 6 34
26 29
26 18
26 20
26 34
26 21
26 22
26 17
26 25
26 28
26 23
26 33
25 28
25 29
25 25
25 30
25 31
15 6 34
25 35
25 19
25 16
25 26
25 27
25 33
25 24
13 14
13 13
13 12
13 15
13 10
13 11
21 6 46 1
21 6 46 3
17 37 6
17 41 4
19 4
19 5
19 6
19 7
19 8
19 9
31 0
END_STATE
END_LABELED_STATE
BEGIN_LABELED_STATE
3
BEGIN_STATE
7 5 25
7 7 34
7 8 19
7 9 16
7 4 30
7 6 34
26 29
26 18
26 20
26 34
26 21
26 22
26 17
26 25
26 28
26 23
26 33
25 28
25 29
25 25
15 4 30
25 31
15 6 34
25 35
25 19
25 16
25 26
25 27
25 33
25 24
13 14
13 13
13 12
13 15
16 10
13 11
21 6 46 1
21 6 46 3
17 37 6
17 41 4
19 4
19 5
19 6
19 7
19 8
19 9
31 0
END_STATE
END_LABELED_STATE
BEGIN_LABELED_STATE
2
BEGIN_STATE
7 5 25
7 7 34
7 8 19
7 9 16
7 4 18
7 6 34
26 29
26 18
26 20
26 34
26 21
26 22
26 17
26 25
26 28
26 23
26 33
25 28
25 29
25 25
15 4 30
25 31
15 6 34
25 35
25 19
25 16
25 26
25 27
25 33
25 24
13 14
13 13
13 12
13 15
16 10
13 11
21 6 46 1
21 6 46 3
17 37 6
17 41 4
19 4
19 5
19 6
19 7
19 8
19 9
31 0
END_STATE
END_LABELED_STATE
BEGIN_LABELED_STATE
1
BEGIN_STATE
7 5 25
7 7 34
7 8 19
7 9 16
7 4 16
7 6 34
26 29
26 18
26 20
26 34
26 21
26 22
26 17
26 25
26 28
26 23
26 33
25 28
25 29
25 25
15 4 30
25 31
15 6 34
25 35
25 19
25 16
25 26
25 27
25 33
25 24
13 14
13 13
13 12
13 15
16 10
13 11
21 6 46 1
21 6 46 3
17 37 6
17 41 4
19 4
19 5
19 6
19 7
19 8
19 9
31 0
END_STATE
END_LABELED_STATE
BEGIN_LABELED_STATE
0
BEGIN_STATE
7 5 25
7 7 34
7 8 19
7 9 16
7 4 16
7 6 34
26 29
26 18
26 20
26 34
26 21
26 22
26 17
26 25
26 28
26 23
26 33
25 28
25 29
25 25
15 4 30
25 31
15 6 34
25 35
25 19
25 16
25 26
25 27
25 33
25 24
13 14
13 13
13 12
13 15
16 10
13 11
21 6 46 1
21 6 46 3
17 37 6
17 41 4
19 4
19 5
19 6
19 7
19 8
19 9
31 0
22 30
END_STATE
END_LABELED_STATE
BEGIN_LABELED_STATE
6
BEGIN_STATE
7 5 25
7 7 34
7 8 19
7 9 16
7 4 34
7 6 34
26 29
26 18
26 20
26 34
26 21
26 22
26 17
26 25
26 28
26 23
26 33
25 28
25 29
25 25
25 30
25 31
15 6 34
25 35
25 19
25 16
25 26
25 27
25 33
25 24
13 14
13 13
13 12
13 15
13 10
13 11
21 6 46 1
21 6 46 3
17 37 6
17 41 4
19 4
19 5
19 6
19 7
19 8
19 9
31 0
END_STATE
END_LABELED_STATE
BEGIN_LABELED_STATE
6
BEGIN_STATE
7 5 25
7 7 34
7 8 19
7 9 16
7 4 34
7 6 16
26 29
26 18
26 20
26 34
26 21
26 22
26 17
26 25
26 28
26 23
26 33
25 28
25 29
25 25
25 30
25 31
15 6 34
25 35
25 19
25 16
25 26
25 27
25 33
25 24
13 14
13 13
13 12
13 15
13 10
13 11
21 6 46 1
21 6 46 3
17 37 6
17 41 4
19 4
19 5
19 6
19 7
19 8
19 9
31 0
END_STATE
END_LABELED_STATE
BEGIN_LABELED_STATE
5
BEGIN_STATE
7 5 25
7 7 34
7 8 19
7 9 16
7 4 34
7 6 25
26 29
26 18
26 20
26 34
26 21
26 22
26 17
26 25
26 28
26 23
26 33
25 28
25 29
25 25
25 30
25 31
15 6 34
25 35
25 19
25 16
25 26
25 27
25 33
25 24
13 14
13 13
13 12
13 15
13 10
13 11
21 6 46 1
21 6 46 3
17 37 6
17 41 4
19 4
19 5
19 6
19 7
19 8
19 9
31 0
END_STATE
END_LABELED_STATE
BEGIN_LABELED_STATE
4
BEGIN_STATE
7 5 25
7 7 34
7 8 19
7 9 16
7 4 34
7 6 30
26 29
26 18
26 20
26 34
26 21
26 22
26 17
26 25
26 28
26 23
26 33
25 28
25 29
25 25
25 30
25 31
15 6 34
25 35
25 19
25 16
25 26
25 27
25 33
25 24
13 14
13 13
13 12
13 15
13 10
13 11
21 6 46 1
21 6 46 3
17 37 6
17 41 4
19 4
19 5
19 6
19 7
19 8
19 9
31 0
END_STATE
END_LABELED_STATE
BEGIN_LABELED_STATE
3
BEGIN_STATE
7 5 25
7 7 34
7 8 19
7 9 16
7 4 34
7 6 30
26 29
26 18
26 20
26 34
26 21
26 22
26 17
26 25
26 28
26 23
26 33
25 28
25 29
25 25
15 6 30
25 31
15 6 34
25 35
25 19
25 16
25 26
25 27
25 33
25 24
13 14
13 13
16 12
13 15
13 10
13 11
21 6 46 1
21 6 46 3
17 37 6
17 41 4
19 4
19 5
19 6
19 7
19 8
19 9
31 0
END_STATE
END_LABELED_STATE
BEGIN_LABELED_STATE
2
BEGIN_STATE
7 5 25
7 7 34
7 8 19
7 9 16
7 4 34
7 6 25
26 29
26 18
26 20
26 34
26 21
26 22
26 17
26 25
26 28
26 23
26 33
25 28
25 29
25 25
15 6 30
25 31
15 6 34
25 35
25 19
25 16
25 26
25 27
25 33
25 24
13 14
13 13
16 12
13 15
13 10
13 11
21 6 46 1
21 6 46 3
17 37 6
17 41 4
19 4
19 5
19 6
19 7
19 8
19 9
31 0
END_STATE
END_LABELED_STATE
BEGIN_LABELED_STATE
1
BEGIN_STATE
7 5 25
7 7 34
7 8 19
7 9 16
7 4 34
7 6 35
26 29
26 18
26 20
26 34
26 21
26 22
26 17
26 25
26 28
26 23
26 33
25 28
25 29
25 25
15 6 30
25 31
15 6 34
25 35
25 19
25 16
25 26
25 27
25 33
25 24
13 14
13 13
16 12
13 15
13 10
13 11
21 6 46 1
21 6 46 3
17 37 6
17 41 4
19 4
19 5
19 6
19 7
19 8
19 9
31 0
END_STATE
END_LABELED_STATE
BEGIN_LABELED_STATE
0
BEGIN_STATE
7 5 25
7 7 34
7 8 19
7 9 16
7 4 34
7 6 35
26 29
26 18
26 20
26 34
26 21
26 22
26 17
26 25
26 28
26 23
26 33
25 28
25 29
25 25
15 6 30
25 31
15 6 34
25 35
25 19
25 16
25 26
25 27
25 33
25 24
13 14
13 13
16 12
13 15
13 10
13 11
21 6 46 1
21 6 46 3
17 37 6
17 41 4
19 4
19 5
19 6
19 7
19 8
19 9
31 0
22 30
END_STATE
END_LABELED_STATE
BEGIN_LABELED_STATE
6
BEGIN_STATE
7 5 25
7 7 34
7 8 19
7 9 16
7 4 34
7 6 33
26 29
26 18
26 20
26 34
26 21
26 22
26 17
26 25
26 28
26 23
26 33
25 28
25 29
25 25
25 30
25 31
15 6 34
25 35
25 19
25 16
25 26
25 27
25 33
25 24
13 14
13 13
13 12
13 15
13 10
13 11
21 6 46 1
21 6 46 3
17 37 6
17 41 4
19 4
19 5
19 6
19 7
19 8
19 9
31 0
END_STATE
END_LABELED_STATE
BEGIN_LABELED_STATE
5
BEGIN_STATE
7 5 25
7 7 34
7 8 19
7 9 16
7 4 18
7 6 33
26 29
26 18
26 20
26 34
26 21
26 22
26 17
26 25
26 28
26 23
26 33
25 28
25 29
25 25
25 30
25 31
15 6 34
25 35
25 19
25 16
25 26
25 27
25 33
25 24
13 14
13 13
13 12
13 15
13 10
13 11
21 6 46 1
21 6 46 3
17 37 6
17 41 4
19 4
19 5
19 6
19 7
19 8
19 9
31 0
END_STATE
END_LABELED_STATE
BEGIN_LABELED_STATE
4
BEGIN_STATE
7 5 25
7 7 34
7 8 19
7 9 16
7 4 30
7 6 33
26 29
26 18
26 20
26 34
26 21
26 22
26 17
26 25
26 28
26 23
26 33
25 28
25 29
25 25
25 30
25 31
15 6 34
25 35
25 19
25 16
25 26
25 27
25 33
25 24
13 14
13 13
13 12
13 15
13 10
13 11
21 6 46 1
21 6 46 3
17 37 6
17 41 4
19 4
19 5
19 6
19 7
19 8
19 9
31 0
END_STATE
END_LABELED_STATE
BEGIN_LABELED_STATE
3
BEGIN_STATE
7 5 25
7 7 34
7 8 19
7 9 16
7 4 30
7 6 33
26 29
26 18
26 20
26 34
26 21
26 22
26 17
26 25
26 28
26 23
26 33
25 28
25 29
25 25
15 4 30
25 31
15 6 34
25 35
25 19
25 16
25 26
25 27
25 33
25 24
13 14
13 13
13 12
13 15
16 10
13 11
21 6 46 1
21 6 46 3
17 37 6
17 41 4
19 4
19 5
19 6
19 7
19 8
19 9
31 0
END_STATE
END_LABELED_STATE
BEGIN_LABELED_STATE
2
BEGIN_STATE
7 5 25
7 7 34
7 8 19
7 9 16
7 4 18
7 6 33
26 29
26 18
26 20
26 34
26 21
26 22
26 17
26 25
26 28
26 23
26 33
25 28
25 29
25 25
15 4 30
25 31
15 6 34
25 35
25 19
25 16
25 26
25 27
25 33
25 24
13 14
13 13
13 12
13 15
16 10
13 11
21 6 46 1
21 6 46 3
17 37 6
17 41 4
19 4
19 5
19 6
19 7
19 8
19 9
31 0
END_STATE
END_LABELED_STATE
BEGIN_LABELED_STATE
1
BEGIN_STATE
7 5 25
7 7 34
7 8 19
7 9 16
7 4 16
7 6 33
26 29
26 18
26 20
26 34
26 21
26 22
26 17
26 25
26 28
26 23
26 33
25 28
25 29
25 25
15 4 30
25 31
15 6 34
25 35
25 19
25 16
25 26
25 27
25 33
25 24
13 14
13 13
13 12
13 15
16 10
13 11
21 6 46 1
21 6 46 3
17 37 6
17 41 4
19 4
19 5
19 6
19 7
19 8
19 9
31 0
END_STATE
END_LABELED_STATE
BEGIN_LABELED_STATE
0
BEGIN_STATE
7 5 25
7 7 34
7 8 19
7 9 16
7 4 16
7 6 33
26 29
26 18
26 20
26 34
26 21
26 22
26 17
26 25
26 28
26 23
26 33
25 28
25 29
25 25
15 4 30
25 31
15 6 34
25 35
25 19
25 16
25 26
25 27
25 33
25 24
13 14
13 13
13 12
13 15
16 10
13 11
21 6 46 1
21 6 46 3
17 37 6
17 41 4
19 4
19 5
19 6
19 7
19 8
19 9
31 0
22 30
END_STATE
END_LABELED_STATE
BEGIN_LABELED_STATE
6
BEGIN_STATE
7 5 25
7 7 34
7 8 19
7 9 16
7 4 34
7 6 33
26 29
26 18
26 20
26 34
26 21
26 22
26 17
26 25
26 28
26 23
26 33
25 28
25 29
25 25
25 30
25 31
15 6 34
25 35
25 19
25 16
25 26
25 27
25 33
25 24
13 14
13 13
13 12
13 15
13 10
13 11
21 6 46 1
21 6 46 3
17 41 4
19 4
19 5
19 6
19 7
19 8
19 9
31 0
END_STATE
END_LABELED_STATE
BEGIN_LABELED_STATE
5
BEGIN_STATE
7 5 25
7 7 34
7 8 19
7 9 16
7 4 18
7 6 33
26 29
26 18
26 20
26 34
26 21
26 22
26 17
26 25
26 28
26 23
26 33
25 28
25 29
25 25
25 30
25 31
15 6 34
25 35
25 19
25 16
25 26
25 27
25 33
25 24
13 14
13 13
13 12
13 15
13 10
13 11
21 6 46 1
21 6 46 3
17 41 4
19 4
19 5
19 6
19 7
19 8
19 9
31 0
END_STATE
END_LABELED_STATE
BEGIN_LABELED_STATE
4
BEGIN_STATE
7 5 25
7 7 34
7 8 19
7 9 16
7 4 30
7 6 33
26 29
26 18
26 20
26 34
26 21
26 22
26 17
26 25
26 28
26 23
26 33
25 28
25 29
25 25
25 30
25 31
15 6 34
25 35
25 19
25 16
25 26
25 27
25 33
25 24
13 14
13 13
13 12
13 15
13 10
13 11
21 6 46 1
21 6 46 3
17 41 4
19 4
19 5
19 6
19 7
19 8
19 9
31 0
END_STATE
END_LABELED_STATE
BEGIN_LABELED_STATE
3
BEGIN_STATE
7 5 25
7 7 34
7 8 19
7 9 16
7 4 30
7 6 33
26 29
26 18
26 20
26 34
26 21
26 22
26 17
26 25
26 28
26 23
26 33
25 28
25 29
25 25
15 4 30
25 31
15 6 34
25 35
25 19
25 16
25 26
25 27
25 33
25 24
13 14
13 13
13 12
13 15
16 10
13 11
21 6 46 1
21 6 46 3
17 41 4
19 4
19 5
19 6
19 7
19 8
19 9
31 0
END_STATE
END_LABELED_STATE
BEGIN_LABELED_STATE
2
BEGIN_STATE
7 5 25
7 7 34
7 8 19
7 9 16
7 4 18
7 6 33
26 29
26 18
26 20
26 34
26 21
26 22
26 17
26 25
26 28
26 23
26 33
25 28
25 29
25 25
15 4 30
25 31
15 6 34
25 35
25 19
25 16
25 26
25 27
25 33
25 24
13 14
13 13
13 12
13 15
16 10
13 11
21 6 46 1
21 6 46 3
17 41 4
19 4
19 5
19 6
19 7
19 8
19 9
31 0
END_STATE
END_LABELED_STATE
BEGIN_LABELED_STATE
1
BEGIN_STATE
7 5 25
7 7 34
7 8 19
7 9 16
7 4 16
7 6 33
26 29
26 18
26 20
26 34
26 21
26 22
26 17
26 25
26 28
26 23
26 33
25 28
25 29
25 25
15 4 30
25 31
15 6 34
25 35
25 19
25 16
25 26
25 27
25 33
25 24
13 14
13 13
13 12
13 15
16 10
13 11
21 6 46 1
21 6 46 3
17 41 4
19 4
19 5
19 6
19 7
19 8
19 9
31 0
END_STATE
END_LABELED_STATE
BEGIN_LABELED_STATE
0
BEGIN_STATE
7 5 25
7 7 34
7 8 19
7 9 16
7 4 16
7 6 33
26 29
26 18
26 20
26 34
26 21
26 22
26 17
26 25
26 28
26 23
26 33
25 28
25 29
25 25
15 4 30
25 31
15 6 34
25 35
25 19
25 16
25 26
25 27
25 33
25 24
13 14
13 13
13 12
13 15
16 10
13 11
21 6 46 1
21 6 46 3
17 41 4
19 4
19 5
19 6
19 7
19 8
19 9
31 0
22 30
END_STATE
END_LABELED_STATE
BEGIN_LABELED_STATE
6
BEGIN_STATE
7 5 25
7 7 34
7 8 19
7 9 16
7 4 34
7 6 16
26 29
26 18
26 20
26 34
26 21
26 22
26 17
26 25
26 28
26 23
26 33
25 28
25 29
25 25
25 30
25 31
15 6 34
25 35
25 19
25 16
25 26
25 27
25 33
25 24
13 14
13 13
13 12
13 15
13 10
13 11
21 6 46 1
21 6 46 3
17 41 4
19 4
19 5
19 6
19 7
19 8
19 9
31 0
END_STATE
END_LABELED_STATE
BEGIN_LABELED_STATE
5
BEGIN_STATE
7 5 25
7 7 34
7 8 19
7 9 16
7 4 34
7 6 25
26 29
26 18
26 20
26 34
26 21
26 22
26 17
26 25
26 28
26 23
26 33
25 28
25 29
25 25
25 30
25 31
15 6 34
25 35
25 19
25 16
25 26
25 27
25 33
25 24
13 14
13 13
13 12
13 15
13 10
13 11
21 6 46 1
21 6 46 3
17 41 4
19 4
19 5
19 6
19 7
19 8
19 9
31 0
END_STATE
END_LABELED_STATE
BEGIN_LABELED_STATE
4
BEGIN_STATE
7 5 25
7 7 34
7 8 19
7 9 16
7 4 34
7 6 30
26 29
26 18
26 20
26 34
26 21
26 22
26 17
26 25
26 28
26 23
26 33
25 28
25 29
25 25
25 30
25 31
15 6 34
25 35
25 19
25 16
25 26
25 27
25 33
25 24
13 14
13 13
13 12
13 15
13 10
13 11
21 6 46 1
21 6 46 3
17 41 4
19 4
19 5
19 6
19 7
19 8
19 9
31 0
END_STATE
END_LABELED_STATE
BEGIN_LABELED_STATE
3
BEGIN_STATE
7 5 25
7 7 34
7 8 19
7 9 16
7 4 34
7 6 30
26 29
26 18
26 20
26 34
26 21
26 22
26 17
26 25
26 28
26 23
26 33
25 28
25 29
25 25
15 6 30
25 31
15 6 34
25 35
25 19
25 16
25 26
25 27
25 33
25 24
13 14
13 13
16 12
13 15
13 10
13 11
21 6 46 1
21 6 46 3
17 41 4
19 4
19 5
19 6
19 7
19 8
19 9
31 0
END_STATE
END_LABELED_STATE
BEGIN_LABELED_STATE
2
BEGIN_STATE
7 5 25
7 7 34
7 8 19
7 9 16
7 4 34
7 6 25
26 29
26 18
26 20
26 34
26 21
26 22
26 17
26 25
26 28
26 23
26 33
25 28
25 29
25 25
15 6 30
25 31
15 6 34
25 35
25 19
25 16
25 26
25 27
25 33
25 24
13 14
13 13
16 12
13 15
13 10
13 11
21 6 46 1
21 6 46 3
17 41 4
19 4
19 5
19 6
19 7
19 8
19 9
31 0
END_STATE
END_LABELED_STATE
BEGIN_LABELED_STATE
1
BEGIN_STATE
7 5 25
7 7 34
7 8 19
7 9 16
7 4 34
7 6 35
26 29
26 18
26 20
26 34
26 21
26 22
26 17
26 25
26 28
26 23
26 33
25 28
25 29
25 25
15 6 30
25 31
15 6 34
25 35
25 19
25 16
25 26
25 27
25 33
25 24
13 14
13 13
16 12
13 15
13 10
13 11
21 6 46 1
21 6 46 3
17 41 4
19 4
19 5
19 6
19 7
19 8
19 9
31 0
END_STATE
END_LABELED_STATE
BEGIN_LABELED_STATE
0
BEGIN_STATE
7 5 25
7 7 34
7 8 19
7 9 16
7 4 34
7 6 35
26 29
26 18
26 20
26 34
26 21
26 22
26 17
26 25
26 28
26 23
26 33
25 28
25 29
25 25
15 6 30
25 31
15 6 34
25 35
25 19
25 16
25 26
25 27
25 33
25 24
13 14
13 13
16 12
13 15
13 10
13 11
21 6 46 1
21 6 46 3
17 41 4
19 4
19 5
19 6
19 7
19 8
19 9
31 0
22 30
END_STATE
END_LABELED_STATE
BEGIN_LABELED_STATE
6
BEGIN_STATE
7 5 25
7 7 34
7 8 19
7 9 16
7 4 34
7 6 34
26 29
26 18
26 20
26 34
26 21
26 22
26 17
26 25
26 28
26 23
26 33
25 28
25 29
25 25
25 30
25 31
15 6 34
25 35
25 19
25 16
25 26
25 27
25 33
25 24
13 14
13 13
13 12
13 15
13 10
13 11
21 6 46 1
21 6 46 3
17 41 4
19 4
19 5
19 6
19 7
19 8
19 9
31 0
END_STATE
END_LABELED_STATE
BEGIN_LABELED_STATE
6
BEGIN_STATE
7 5 25
7 7 34
7 8 19
7 9 16
7 4 34
7 6 34
26 29
26 18
26 20
26 34
26 21
26 22
26 17
26 25
26 28
26 23
26 33
25 28
25 29
25 25
25 30
25 31
15 6 34
25 35
25 19
25 16
25 26
25 27
25 33
25 24
13 14
13 13
13 12
13 15
13 10
13 11
21 6 46 1
21 6 46 3
19 4
19 5
19 6
19 7
19 8
19 9
21 4 46 1
31 0
END_STATE
END_LABELED_STATE
BEGIN_LABELED_STATE
5
BEGIN_STATE
7 5 25
7 7 34
7 8 19
7 9 16
7 4 18
7 6 34
26 29
26 18
26 20
26 34
26 21
26 22
26 17
26 25
26 28
26 23
26 33
25 28
25 29
25 25
25 30
25 31
15 6 34
25 35
25 19
25 16
25 26
25 27
25 33
25 24
13 14
13 13
13 12
13 15
13 10
13 11
21 6 46 1
21 6 46 3
19 4
19 5
19 6
19 7
19 8
19 9
21 4 46 1
31 0
END_STATE
END_LABELED_STATE
BEGIN_LABELED_STATE
4
BEGIN_STATE
7 5 25
7 7 34
7 8 19
7 9 16
7 4 30
7 6 34
26 29
26 18
26 20
26 34
26 21
26 22
26 17
26 25
26 28
26 23
26 33
25 28
25 29
25 25
25 30
25 31
15 6 34
25 35
25 19
25 16
25 26
25 27
25 33
25 24
13 14
13 13
13 12
13 15
13 10
13 11
21 6 46 1
21 6 46 3
19 4
19 5
19 6
19 7
19 8
19 9
21 4 46 1
31 0
END_STATE
END_LABELED_STATE
BEGIN_LABELED_STATE
3
BEGIN_STATE
7 5 25
7 7 34
7 8 19
7 9 16
7 4 30
7 6 34
26 29
26 18
26 20
26 34
26 21
26 22
26 17
26 25
26 28
26 23
26 33
25 28
25 29
25 25
15 4 30
25 31
15 6 34
25 35
25 19
25 16
25 26
25 27
25 33
25 24
13 14
13 13
13 12
13 15
16 10
13 11
21 6 46 1
21 6 46 3
19 4
19 5
19 6
19 7
19 8
19 9
21 4 46 1
31 0
END_STATE
END_LABELED_STATE
BEGIN_LABELED_STATE
2
BEGIN_STATE
7 5 25
7 7 34
7 8 19
7 9 16
7 4 18
7 6 34
26 29
26 18
26 20
26 34
26 21
26 22
26 17
26 25
26 28
26 23
26 33
25 28
25 29
25 25
15 4 30
25 31
15 6 34
25 35
25 19
25 16
25 26
25 27
25 33
25 24
13 14
13 13
13 12
13 15
16 10
13 11
21 6 46 1
21 6 46 3
19 4
19 5
19 6
19 7
19 8
19 9
21 4 46 1
31 0
END_STATE
END_LABELED_STATE
BEGIN_LABELED_STATE
1
BEGIN_STATE
7 5 25
7 7 34
7 8 19
7 9 16
7 4 16
7 6 34
26 29
26 18
26 20
26 34
26 21
26 22
26 17
26 25
26 28
26 23
26 33
25 28
25 29
25 25
15 4 30
25 31
15 6 34
25 35
25 19
25 16
25 26
25 27
25 33
25 24
13 14
13 13
13 12
13 15
16 10
13 11
21 6 46 1
21 6 46 3
19 4
19 5
19 6
19 7
19 8
19 9
21 4 46 1
31 0
END_STATE
END_LABELED_STATE
BEGIN_LABELED_STATE
0
BEGIN_STATE
7 5 25
7 7 34
7 8 19
7 9 16
7 4 16
7 6 34
26 29
26 18
26 20
26 34
26 21
26 22
26 17
26 25
26 28
26 23
26 33
25 28
25 29
25 25
15 4 30
25 31
15 6 34
25 35
25 19
25 16
25 26
25 27
25 33
25 24
13 14
13 13
13 12
13 15
16 10
13 11
21 6 46 1
21 6 46 3
19 4
19 5
19 6
19 7
19 8
19 9
21 4 46 1
31 0
22 30
END_STATE
END_LABELED_STATE
BEGIN_LABELED_STATE
6
BEGIN_STATE
7 5 25
7 7 34
7 8 19
7 9 16
7 4 34
7 6 16
26 29
26 18
26 20
26 34
26 21
26 22
26 17
26 25
26 28
26 23
26 33
25 28
25 29
25 25
25 30
25 31
15 6 34
25 35
25 19
25 16
25 26
25 27
25 33
25 24
13 14
13 13
13 12
13 15
13 10
13 11
21 6 46 1
21 6 46 3
19 4
19 5
19 6
19 7
19 8
19 9
21 4 46 1
31 0
END_STATE
END_LABELED_STATE
BEGIN_LABELED_STATE
5
BEGIN_STATE
7 5 25
7 7 34
7 8 19
7 9 16
7 4 34
7 6 25
26 29
26 18
26 20
26 34
26 21
26 22
26 17
26 25
26 28
26 23
26 33
25 28
25 29
25 25
25 30
25 31
15 6 34
25 35
25 19
25 16
25 26
25 27
25 33
25 24
13 14
13 13
13 12
13 15
13 10
13 11
21 6 46 1
21 6 46 3
19 4
19 5
19 6
19 7
19 8
19 9
21 4 46 1
31 0
END_STATE
END_LABELED_STATE
BEGIN_LABELED_STATE
4
BEGIN_STATE
7 5 25
7 7 34
7 8 19
7 9 16
7 4 34
7 6 30
26 29
26 18
26 20
26 34
26 21
26 22
26 17
26 25
26 28
26 23
26 33
25 28
25 29
25 25
25 30
25 31
15 6 34
25 35
25 19
25 16
25 26
25 27
25 33
25 24
13 14
13 13
13 12
13 15
13 10
13 11
21 6 46 1
21 6 46 3
19 4
19 5
19 6
19 7
19 8
19 9
21 4 46 1
31 0
END_STATE
END_LABELED_STATE
BEGIN_LABELED_STATE
3
BEGIN_STATE
7 5 25
7 7 34
7 8 19
7 9 16
7 4 34
7 6 30
26 29
26 18
26 20
26 34
26 21
26 22
26 17
26 25
26 28
26 23
26 33
25 28
25 29
25 25
15 6 30
25 31
15 6 34
25 35
25 19
25 16
25 26
25 27
25 33
25 24
13 14
13 13
16 12
13 15
13 10
13 11
21 6 46 1
21 6 46 3
19 4
19 5
19 6
19 7
19 8
19 9
21 4 46 1
31 0
END_STATE
END_LABELED_STATE
BEGIN_LABELED_STATE
2
BEGIN_STATE
7 5 25
7 7 34
7 8 19
7 9 16
7 4 34
7 6 25
26 29
26 18
26 20
26 34
26 21
26 22
26 17
26 25
26 28
26 23
26 33
25 28
25 29
25 25
15 6 30
25 31
15 6 34
25 35
25 19
25 16
25 26
25 27
25 33
25 24
13 14
13 13
16 12
13 15
13 10
13 11
21 6 46 1
21 6 46 3
19 4
19 5
19 6
19 7
19 8
19 9
21 4 46 1
31 0
END_STATE
END_LABELED_STATE
BEGIN_LABELED_STATE
1
BEGIN_STATE
7 5 25
7 7 34
7 8 19
7 9 16
7 4 34
7 6 35
26 29
26 18
26 20
26 34
26 21
26 22
26 17
26 25
26 28
26 23
26 33
25 28
25 29
25 25
15 6 30
25 31
15 6 34
25 35
25 19
25 16
25 26
25 27
25 33
25 24
13 14
13 13
16 12
13 15
13 10
13 11
21 6 46 1
21 6 46 3
19 4
19 5
19 6
19 7
19 8
19 9
21 4 46 1
31 0
END_STATE
END_LABELED_STATE
BEGIN_LABELED_STATE
0
BEGIN_STATE
7 5 25
7 7 34
7 8 19
7 9 16
7 4 34
7 6 35
26 29
26 18
26 20
26 34
26 21
26 22
26 17
26 25
26 28
26 23
26 33
25 28
25 29
25 25
15 6 30
25 31
15 6 34
25 35
25 19
25 16
25 26
25 27
25 33
25 24
13 14
13 13
16 12
13 15
13 10
13 11
21 6 46 1
21 6 46 3
19 4
19 5
19 6
19 7
19 8
19 9
21 4 46 1
31 0
22 30
END_STATE
END_LABELED_STATE
BEGIN_LABELED_STATE
6
BEGIN_STATE
7 5 25
7 7 34
7 8 19
7 9 16
7 4 34
7 6 16
26 29
26 18
26 20
26 34
26 21
26 22
26 17
26 25
26 28
26 23
26 33
25 28
25 29
25 25
25 30
25 31
15 6 34
25 35
25 19
25 16
25 26
25 27
25 33
25 24
13 14
13 13
13 12
13 15
13 10
13 11
21 6 46 1
21 6 46 3
17 37 6
19 4
19 5
19 6
19 7
19 8
19 9
21 4 46 1
31 0
END_STATE
END_LABELED_STATE
BEGIN_LABELED_STATE
5
BEGIN_STATE
7 5 25
7 7 34
7 8 19
7 9 16
7 4 34
7 6 25
26 29
26 18
26 20
26 34
26 21
26 22
26 17
26 25
26 28
26 23
26 33
25 28
25 29
25 25
25 30
25 31
15 6 34
25 35
25 19
25 16
25 26
25 27
25 33
25 24
13 14
13 13
13 12
13 15
13 10
13 11
21 6 46 1
21 6 46 3
17 37 6
19 4
19 5
19 6
19 7
19 8
19 9
21 4 46 1
31 0
END_STATE
END_LABELED_STATE
BEGIN_LABELED_STATE
4
BEGIN_STATE
7 5 25
7 7 34
7 8 19
7 9 16
7 4 34
7 6 30
26 29
26 18
26 20
26 34
26 21
26 22
26 17
26 25
26 28
26 23
26 33
25 28
25 29
25 25
25 30
25 31
15 6 34
25 35
25 19
25 16
25 26
25 27
25 33
25 24
13 14
13 13
13 12
13 15
13 10
13 11
21 6 46 1
21 6 46 3
17 37 6
19 4
19 5
19 6
19 7
19 8
19 9
21 4 46 1
31 0
END_STATE
END_LABELED_STATE
BEGIN_LABELED_STATE
3
BEGIN_STATE
7 5 25
7 7 34
7 8 19
7 9 16
7 4 34
7 6 30
26 29
26 18
26 20
26 34
26 21
26 22
26 17
26 25
26 28
26 23
26 33
25 28
25 29
25 25
15 6 30
25 31
15 6 34
25 35
25 19
25 16
25 26
25 27
25 33
25 24
13 14
13 13
16 12
13 15
13 10
13 11
21 6 46 1
21 6 46 3
17 37 6
19 4
19 5
19 6
19 7
19 8
19 9
21 4 46 1
31 0
END_STATE
END_LABELED_STATE
BEGIN_LABELED_STATE
2
BEGIN_STATE
7 5 25
7 7 34
7 8 19
7 9 16
7 4 34
7 6 25
26 29
26 18
26 20
26 34
26 21
26 22
26 17
26 25
26 28
26 23
26 33
25 28
25 29
25 25
15 6 30
25 31
15 6 34
25 35
25 19
25 16
25 26
25 27
25 33
25 24
13 14
13 13
16 12
13 15
13 10
13 11
21 6 46 1
21 6 46 3
17 37 6
19 4
19 5
19 6
19 7
19 8
19 9
21 4 46 1
31 0
END_STATE
END_LABELED_STATE
BEGIN_LABELED_STATE
1
BEGIN_STATE
7 5 25
7 7 34
7 8 19
7 9 16
7 4 34
7 6 35
26 29
26 18
26 20
26 34
26 21
26 22
26 17
26 25
26 28
26 23
26 33
25 28
25 29
25 25
15 6 30
25 31
15 6 34
25 35
25 19
25 16
25 26
25 27
25 33
25 24
13 14
13 13
16 12
13 15
13 10
13 11
21 6 46 1
21 6 46 3
17 37 6
19 4
19 5
19 6
19 7
19 8
19 9
21 4 46 1
31 0
END_STATE
END_LABELED_STATE
BEGIN_LABELED_STATE
0
BEGIN_STATE
7 5 25
7 7 34
7 8 19
7 9 16
7 4 34
7 6 35
26 29
26 18
26 20
26 34
26 21
26 22
26 17
26 25
26 28
26 23
26 33
25 28
25 29
25 25
15 6 30
25 31
15 6 34
25 35
25 19
25 16
25 26
25 27
25 33
25 24
13 14
13 13
16 12
13 15
13 10
13 11
21 6 46 1
21 6 46 3
17 37 6
19 4
19 5
19 6
19 7
19 8
19 9
21 4 46 1
31 0
22 30
END_STATE
END_LABELED_STATE
BEGIN_LABELED_STATE
6
BEGIN_STATE
7 5 25
7 7 34
7 8 19
7 9 16
7 4 34
7 6 34
26 29
26 18
26 20
26 34
26 21
26 22
26 17
26 25
26 28
26 23
26 33
25 28
25 29
25 25
25 30
25 31
15 6 34
25 35
25 19
25 16
25 26
25 27
25 33
25 24
13 14
13 13
13 12
13 15
13 10
13 11
21 6 46 1
21 6 46 3
17 37 6
19 4
19 5
19 6
19 7
19 8
19 9
21 4 46 1
31 0
END_STATE
END_LABELED_STATE
BEGIN_LABELED_STATE
5
BEGIN_STATE
7 5 25
7 7 34
7 8 19
7 9 16
7 4 18
7 6 34
26 29
26 18
26 20
26 34
26 21
26 22
26 17
26 25
26 28
26 23
26 33
25 28
25 29
25 25
25 30
25 31
15 6 34
25 35
25 19
25 16
25 26
25 27
25 33
25 24
13 14
13 13
13 12
13 15
13 10
13 11
21 6 46 1
21 6 46 3
17 37 6
19 4
19 5
19 6
19 7
19 8
19 9
21 4 46 1
31 0
END_STATE
END_LABELED_STATE
BEGIN_LABELED_STATE
4
BEGIN_STATE
7 5 25
7 7 34
7 8 19
7 9 16
7 4 30
7 6 34
26 29
26 18
26 20
26 34
26 21
26 22
26 17
26 25
26 28
26 23
26 33
25 28
25 29
25 25
25 30
25 31
15 6 34
25 35
25 19
25 16
25 26
25 27
25 33
25 24
13 14
13 13
13 12
13 15
13 10
13 11
21 6 46 1
21 6 46 3
17 37 6
19 4
19 5
19 6
19 7
19 8
19 9
21 4 46 1
31 0
END_STATE
END_LABELED_STATE
BEGIN_LABELED_STATE
3
BEGIN_STATE
7 5 25
7 7 34
7 8 19
7 9 16
7 4 30
7 6 34
26 29
26 18
26 20
26 34
26 21
26 22
26 17
26 25
26 28
26 23
26 33
25 28
25 29
25 25
15 4 30
25 31
15 6 34
25 35
25 19
25 16
25 26
25 27
25 33
25 24
13 14
13 13
13 12
13 15
16 10
13 11
21 6 46 1
21 6 46 3
17 37 6
19 4
19 5
19 6
19 7
19 8
19 9
21 4 46 1
31 0
END_STATE
END_LABELED_STATE
BEGIN_LABELED_STATE
2
BEGIN_STATE
7 5 25
7 7 34
7 8 19
7 9 16
7 4 18
7 6 34
26 29
26 18
26 20
26 34
26 21
26 22
26 17
26 25
26 28
26 23
26 33
25 28
25 29
25 25
15 4 30
25 31
15 6 34
25 35
25 19
25 16
25 26
25 27
25 33
25 24
13 14
13 13
13 12
13 15
16 10
13 11
21 6 46 1
21 6 46 3
17 37 6
19 4
19 5
19 6
19 7
19 8
19 9
21 4 46 1
31 0
END_STATE
END_LABELED_STATE
BEGIN_LABELED_STATE
1
BEGIN_STATE
7 5 25
7 7 34
7 8 19
7 9 16
7 4 16
7 6 34
26 29
26 18
26 20
26 34
26 21
26 22
26 17
26 25
26 28
26 23
26 33
25 28
25 29
25 25
15 4 30
25 31
15 6 34
25 35
25 19
25 16
25 26
25 27
25 33
25 24
13 14
13 13
13 12
13 15
16 10
13 11
21 6 46 1
21 6 46 3
17 37 6
19 4
19 5
19 6
19 7
19 8
19 9
21 4 46 1
31 0
END_STATE
END_LABELED_STATE
BEGIN_LABELED_STATE
0
BEGIN_STATE
7 5 25
7 7 34
7 8 19
7 9 16
7 4 16
7 6 34
26 29
26 18
26 20
26 34
26 21
26 22
26 17
26 25
26 28
26 23
26 33
25 28
25 29
25 25
15 4 30
25 31
15 6 34
25 35
25 19
25 16
25 26
25 27
25 33
25 24
13 14
13 13
13 12
13 15
16 10
13 11
21 6 46 1
21 6 46 3
17 37 6
19 4
19 5
19 6
19 7
19 8
19 9
21 4 46 1
31 0
22 30
END_STATE
END_LABELED_STATE
BEGIN_LABELED_STATE
5
BEGIN_STATE
7 5 25
7 7 34
7 8 19
7 9 16
7 4 18
7 6 16
26 29
26 18
26 20
26 34
26 21
26 22
26 17
26 25
26 28
26 23
26 33
25 28
25 29
25 25
25 30
25 31
15 6 34
25 35
25 19
25 16
25 26
25 27
25 33
25 24
13 14
13 13
13 12
13 15
13 10
13 11
21 6 46 1
21 6 46 3
17 37 6
19 4
19 5
19 6
19 7
19 8
19 9
21 4 46 1
31 0
END_STATE
END_LABELED_STATE
BEGIN_LABELED_STATE
4
BEGIN_STATE
7 5 25
7 7 34
7 8 19
7 9 16
7 4 30
7 6 16
26 29
26 18
26 20
26 34
26 21
26 22
26 17
26 25
26 28
26 23
26 33
25 28
25 29
25 25
25 30
25 31
15 6 34
25 35
25 19
25 16
25 26
25 27
25 33
25 24
13 14
13 13
13 12
13 15
13 10
13 11
21 6 46 1
21 6 46 3
17 37 6
19 4
19 5
19 6
19 7
19 8
19 9
21 4 46 1
31 0
END_STATE
END_LABELED_STATE
BEGIN_LABELED_STATE
3
BEGIN_STATE
7 5 25
7 7 34
7 8 19
7 9 16
7 4 30
7 6 16
26 29
26 18
26 20
26 34
26 21
26 22
26 17
26 25
26 28
26 23
26 33
25 28
25 29
25 25
15 4 30
25 31
15 6 34
25 35
25 19
25 16
25 26
25 27
25 33
25 24
13 14
13 13
13 12
13 15
16 10
13 11
21 6 46 1
21 6 46 3
17 37 6
19 4
19 5
19 6
19 7
19 8
19 9
21 4 46 1
31 0
END_STATE
END_LABELED_STATE
BEGIN_LABELED_STATE
2
BEGIN_STATE
7 5 25
7 7 34
7 8 19
7 9 16
7 4 18
7 6 16
26 29
26 18
26 20
26 34
26 21
26 22
26 17
26 25
26 28
26 23
26 33
25 28
25 29
25 25
15 4 30
25 31
15 6 34
25 35
25 19
25 16
25 26
25 27
25 33
25 24
13 14
13 13
13 12
13 15
16 10
13 11
21 6 46 1
21 6 46 3
17 37 6
19 4
19 5
19 6
19 7
19 8
19 9
21 4 46 1
31 0
END_STATE
END_LABELED_STATE
BEGIN_LABELED_STATE
1
BEGIN_STATE
7 5 25
7 7 34
7 8 19
7 9 16
7 4 16
7 6 16
26 29
26 18
26 20
26 34
26 21
26 22
26 17
26 25
26 28
26 23
26 33
25 28
25 29
25 25
15 4 30
25 31
15 6 34
25 35
25 19
25 16
25 26
25 27
25 33
25 24
13 14
13 13
13 12
13 15
16 10
13 11
21 6 46 1
21 6 46 3
17 37 6
19 4
19 5
19 6
19 7
19 8
19 9
21 4 46 1
31 0
END_STATE
END_LABELED_STATE
BEGIN_LABELED_STATE
0
BEGIN_STATE
7 5 25
7 7 34
7 8 19
7 9 16
7 4 16
7 6 16
26 29
26 18
26 20
26 34
26 21
26 22
26 17
26 25
26 28
26 23
26 33
25 28
25 29
25 25
15 4 30
25 31
15 6 34
25 35
25 19
25 16
25 26
25 27
25 33
25 24
13 14
13 13
13 12
13 15
16 10
13 11
21 6 46 1
21 6 46 3
17 37 6
19 4
19 5
19 6
19 7
19 8
19 9
21 4 46 1
31 0
22 30
END_STATE
END_LABELED_STATE
BEGIN_LABELED_STATE
5
BEGIN_STATE
7 5 25
7 7 34
7 8 19
7 9 16
7 4 18
7 6 33
26 29
26 18
26 20
26 34
26 21
26 22
26 17
26 25
26 28
26 23
26 33
25 28
25 29
25 25
25 30
25 31
15 6 34
25 35
25 19
25 16
25 26
25 27
25 33
25 24
13 14
13 13
13 12
13 15
13 10
13 11
21 6 46 1
21 6 46 3
17 37 6
19 4
19 5
19 6
19 7
19 8
19 9
21 4 46 1
31 0
END_STATE
END_LABELED_STATE
BEGIN_LABELED_STATE
4
BEGIN_STATE
7 5 25
7 7 34
7 8 19
7 9 16
7 4 30
7 6 33
26 29
26 18
26 20
26 34
26 21
26 22
26 17
26 25
26 28
26 23
26 33
25 28
25 29
25 25
25 30
25 31
15 6 34
25 35
25 19
25 16
25 26
25 27
25 33
25 24
13 14
13 13
13 12
13 15
13 10
13 11
21 6 46 1
21 6 46 3
17 37 6
19 4
19 5
19 6
19 7
19 8
19 9
21 4 46 1
31 0
END_STATE
END_LABELED_STATE
BEGIN_LABELED_STATE
3
BEGIN_STATE
7 5 25
7 7 34
7 8 19
7 9 16
7 4 30
7 6 33
26 29
26 18
26 20
26 34
26 21
26 22
26 17
26 25
26 28
26 23
26 33
25 28
25 29
25 25
15 4 30
25 31
15 6 34
25 35
25 19
25 16
25 26
25 27
25 33
25 24
13 14
13 13
13 12
13 15
16 10
13 11
21 6 46 1
21 6 46 3
17 37 6
19 4
19 5
19 6
19 7
19 8
19 9
21 4 46 1
31 0
END_STATE
END_LABELED_STATE
BEGIN_LABELED_STATE
2
BEGIN_STATE
7 5 25
7 7 34
7 8 19
7 9 16
7 4 18
7 6 33
26 29
26 18
26 20
26 34
26 21
26 22
26 17
26 25
26 28
26 23
26 33
25 28
25 29
25 25
15 4 30
25 31
15 6 34
25 35
25 19
25 16
25 26
25 27
25 33
25 24
13 14
13 13
13 12
13 15
16 10
13 11
21 6 46 1
21 6 46 3
17 37 6
19 4
19 5
19 6
19 7
19 8
19 9
21 4 46 1
31 0
END_STATE
END_LABELED_STATE
BEGIN_LABELED_STATE
1
BEGIN_STATE
7 5 25
7 7 34
7 8 19
7 9 16
7 4 16
7 6 33
26 29
26 18
26 20
26 34
26 21
26 22
26 17
26 25
26 28
26 23
26 33
25 28
25 29
25 25
15 4 30
25 31
15 6 34
25 35
25 19
25 16
25 26
25 27
25 33
25 24
13 14
13 13
13 12
13 15
16 10
13 11
21 6 46 1
21 6 46 3
17 37 6
19 4
19 5
19 6
19 7
19 8
19 9
21 4 46 1
31 0
END_STATE
END_LABELED_STATE
BEGIN_LABELED_STATE
0
BEGIN_STATE
7 5 25
7 7 34
7 8 19
7 9 16
7 4 16
7 6 33
26 29
26 18
26 20
26 34
26 21
26 22
26 17
26 25
26 28
26 23
26 33
25 28
25 29
25 25
15 4 30
25 31
15 6 34
25 35
25 19
25 16
25 26
25 27
25 33
25 24
13 14
13 13
13 12
13 15
16 10
13 11
21 6 46 1
21 6 46 3
17 37 6
19 4
19 5
19 6
19 7
19 8
19 9
21 4 46 1
31 0
22 30
END_STATE
END_LABELED_STATE
BEGIN_LABELED_STATE
5
BEGIN_STATE
7 5 25
7 7 34
7 8 19
7 9 16
7 4 18
7 6 33
26 29
26 18
26 20
26 34
26 21
26 22
26 17
26 25
26 28
26 23
26 33
25 28
25 29
25 25
25 30
25 31
15 6 34
25 35
25 19
25 16
25 26
25 27
25 33
25 24
13 14
13 13
13 12
13 15
13 10
13 11
21 6 46 1
21 6 46 3
19 4
19 5
19 6
19 7
19 8
19 9
21 4 46 1
31 0
END_STATE
END_LABELED_STATE
BEGIN_LABELED_STATE
4
BEGIN_STATE
7 5 25
7 7 34
7 8 19
7 9 16
7 4 30
7 6 33
26 29
26 18
26 20
26 34
26 21
26 22
26 17
26 25
26 28
26 23
26 33
25 28
25 29
25 25
25 30
25 31
15 6 34
25 35
25 19
25 16
25 26
25 27
25 33
25 24
13 14
13 13
13 12
13 15
13 10
13 11
21 6 46 1
21 6 46 3
19 4
19 5
19 6
19 7
19 8
19 9
21 4 46 1
31 0
END_STATE
END_LABELED_STATE
BEGIN_LABELED_STATE
3
BEGIN_STATE
7 5 25
7 7 34
7 8 19
7 9 16
7 4 30
7 6 33
26 29
26 18
26 20
26 34
26 21
26 22
26 17
26 25
26 28
26 23
26 33
25 28
25 29
25 25
15 4 30
25 31
15 6 34
25 35
25 19
25 16
25 26
25 27
25 33
25 24
13 14
13 13
13 12
13 15
16 10
13 11
21 6 46 1
21 6 46 3
19 4
19 5
19 6
19 7
19 8
19 9
21 4 46 1
31 0
END_STATE
END_LABELED_STATE
BEGIN_LABELED_STATE
2
BEGIN_STATE
7 5 25
7 7 34
7 8 19
7 9 16
7 4 18
7 6 33
26 29
26 18
26 20
26 34
26 21
26 22
26 17
26 25
26 28
26 23
26 33
25 28
25 29
25 25
15 4 30
25 31
15 6 34
25 35
25 19
25 16
25 26
25 27
25 33
25 24
13 14
13 13
13 12
13 15
16 10
13 11
21 6 46 1
21 6 46 3
19 4
19 5
19 6
19 7
19 8
19 9
21 4 46 1
31 0
END_STATE
END_LABELED_STATE
BEGIN_LABELED_STATE
1
BEGIN_STATE
7 5 25
7 7 34
7 8 19
7 9 16
7 4 16
7 6 33
26 29
26 18
26 20
26 34
26 21
26 22
26 17
26 25
26 28
26 23
26 33
25 28
25 29
25 25
15 4 30
25 31
15 6 34
25 35
25 19
25 16
25 26
25 27
25 33
25 24
13 14
13 13
13 12
13 15
16 10
13 11
21 6 46 1
21 6 46 3
19 4
19 5
19 6
19 7
19 8
19 9
21 4 46 1
31 0
END_STATE
END_LABELED_STATE
BEGIN_LABELED_STATE
0
BEGIN_STATE
7 5 25
7 7 34
7 8 19
7 9 16
7 4 16
7 6 33
26 29
26 18
26 20
26 34
26 21
26 22
26 17
26 25
26 28
26 23
26 33
25 28
25 29
25 25
15 4 30
25 31
15 6 34
25 35
25 19
25 16
25 26
25 27
25 33
25 24
13 14
13 13
13 12
13 15
16 10
13 11
21 6 46 1
21 6 46 3
19 4
19 5
19 6
19 7
19 8
19 9
21 4 46 1
31 0
22 30
END_STATE
END_LABELED_STATE
BEGIN_LABELED_STATE
5
BEGIN_STATE
7 5 25
7 7 34
7 8 19
7 9 16
7 4 18
7 6 16
26 29
26 18
26 20
26 34
26 21
26 22
26 17
26 25
26 28
26 23
26 33
25 28
25 29
25 25
25 30
25 31
15 6 34
25 35
25 19
25 16
25 26
25 27
25 33
25 24
13 14
13 13
13 12
13 15
13 10
13 11
21 6 46 1
21 6 46 3
19 4
19 5
19 6
19 7
19 8
19 9
21 4 46 1
31 0
END_STATE
END_LABELED_STATE
BEGIN_LABELED_STATE
4
BEGIN_STATE
7 5 25
7 7 34
7 8 19
7 9 16
7 4 30
7 6 16
26 29
26 18
26 20
26 34
26 21
26 22
26 17
26 25
26 28
26 23
26 33
25 28
25 29
25 25
25 30
25 31
15 6 34
25 35
25 19
25 16
25 26
25 27
25 33
25 24
13 14
13 13
13 12
13 15
13 10
13 11
21 6 46 1
21 6 46 3
19 4
19 5
19 6
19 7
19 8
19 9
21 4 46 1
31 0
END_STATE
END_LABELED_STATE
BEGIN_LABELED_STATE
3
BEGIN_STATE
7 5 25
7 7 34
7 8 19
7 9 16
7 4 30
7 6 16
26 29
26 18
26 20
26 34
26 21
26 22
26 17
26 25
26 28
26 23
26 33
25 28
25 29
25 25
15 4 30
25 31
15 6 34
25 35
25 19
25 16
25 26
25 27
25 33
25 24
13 14
13 13
13 12
13 15
16 10
13 11
21 6 46 1
21 6 46 3
19 4
19 5
19 6
19 7
19 8
19 9
21 4 46 1
31 0
END_STATE
END_LABELED_STATE
BEGIN_LABELED_STATE
2
BEGIN_STATE
7 5 25
7 7 34
7 8 19
7 9 16
7 4 18
7 6 16
26 29
26 18
26 20
26 34
26 21
26 22
26 17
26 25
26 28
26 23
26 33
25 28
25 29
25 25
15 4 30
25 31
15 6 34
25 35
25 19
25 16
25 26
25 27
25 33
25 24
13 14
13 13
13 12
13 15
16 10
13 11
21 6 46 1
21 6 46 3
19 4
19 5
19 6
19 7
19 8
19 9
21 4 46 1
31 0
END_STATE
END_LABELED_STATE
BEGIN_LABELED_STATE
1
BEGIN_STATE
7 5 25
7 7 34
7 8 19
7 9 16
7 4 16
7 6 16
26 29
26 18
26 20
26 34
26 21
26 22
26 17
26 25
26 28
26 23
26 33
25 28
25 29
25 25
15 4 30
25 31
15 6 34
25 35
25 19
25 16
25 26
25 27
25 33
25 24
13 14
13 13
13 12
13 15
16 10
13 11
21 6 46 1
21 6 46 3
19 4
19 5
19 6
19 7
19 8
19 9
21 4 46 1
31 0
END_STATE
END_LABELED_STATE
BEGIN_LABELED_STATE
0
BEGIN_STATE
7 5 25
7 7 34
7 8 19
7 9 16
7 4 16
7 6 16
26 29
26 18
26 20
26 34
26 21
26 22
26 17
26 25
26 28
26 23
26 33
25 28
25 29
25 25
15 4 30
25 31
15 6 34
25 35
25 19
25 16
25 26
25 27
25 33
25 24
13 14
13 13
13 12
13 15
16 10
13 11
21 6 46 1
21 6 46 3
19 4
19 5
19 6
19 7
19 8
19 9
21 4 46 1
31 0
22 30
END_STATE
END_LABELED_STATE
BEGIN_LABELED_STATE
5
BEGIN_STATE
7 5 25
7 7 34
7 8 19
7 9 16
7 4 18
7 6 34
26 29
26 18
26 20
26 34
26 21
26 22
26 17
26 25
26 28
26 23
26 33
25 28
25 29
25 25
25 30
25 31
15 6 34
25 35
25 19
25 16
25 26
25 27
25 33
25 24
13 14
13 13
13 12
13 15
13 10
13 11
21 6 46 1
21 6 46 3
17 41 4
19 4
19 5
19 6
19 7
19 8
19 9
21 4 46 1
31 0
END_STATE
END_LABELED_STATE
BEGIN_LABELED_STATE
4
BEGIN_STATE
7 5 25
7 7 34
7 8 19
7 9 16
7 4 30
7 6 34
26 29
26 18
26 20
26 34
26 21
26 22
26 17
26 25
26 28
26 23
26 33
25 28
25 29
25 25
25 30
25 31
15 6 34
25 35
25 19
25 16
25 26
25 27
25 33
25 24
13 14
13 13
13 12
13 15
13 10
13 11
21 6 46 1
21 6 46 3
17 41 4
19 4
19 5
19 6
19 7
19 8
19 9
21 4 46 1
31 0
END_STATE
END_LABELED_STATE
BEGIN_LABELED_STATE
3
BEGIN_STATE
7 5 25
7 7 34
7 8 19
7 9 16
7 4 30
7 6 34
26 29
26 18
26 20
26 34
26 21
26 22
26 17
26 25
26 28
26 23
26 33
25 28
25 29
25 25
15 4 30
25 31
15 6 34
25 35
25 19
25 16
25 26
25 27
25 33
25 24
13 14
13 13
13 12
13 15
16 10
13 11
21 6 46 1
21 6 46 3
17 41 4
19 4
19 5
19 6
19 7
19 8
19 9
21 4 46 1
31 0
END_STATE
END_LABELED_STATE
BEGIN_LABELED_STATE
2
BEGIN_STATE
7 5 25
7 7 34
7 8 19
7 9 16
7 4 18
7 6 34
26 29
26 18
26 20
26 34
26 21
26 22
26 17
26 25
26 28
26 23
26 33
25 28
25 29
25 25
15 4 30
25 31
15 6 34
25 35
25 19
25 16
25 26
25 27
25 33
25 24
13 14
13 13
13 12
13 15
16 10
13 11
21 6 46 1
21 6 46 3
17 41 4
19 4
19 5
19 6
19 7
19 8
19 9
21 4 46 1
31 0
END_STATE
END_LABELED_STATE
BEGIN_LABELED_STATE
1
BEGIN_STATE
7 5 25
7 7 34
7 8 19
7 9 16
7 4 16
7 6 34
26 29
26 18
26 20
26 34
26 21
26 22
26 17
26 25
26 28
26 23
26 33
25 28
25 29
25 25
15 4 30
25 31
15 6 34
25 35
25 19
25 16
25 26
25 27
25 33
25 24
13 14
13 13
13 12
13 15
16 10
13 11
21 6 46 1
21 6 46 3
17 41 4
19 4
19 5
19 6
19 7
19 8
19 9
21 4 46 1
31 0
END_STATE
END_LABELED_STATE
BEGIN_LABELED_STATE
0
BEGIN_STATE
7 5 25
7 7 34
7 8 19
7 9 16
7 4 16
7 6 34
26 29
26 18
26 20
26 34
26 21
26 22
26 17
26 25
26 28
26 23
26 33
25 28
25 29
25 25
15 4 30
25 31
15 6 34
25 35
25 19
25 16
25 26
25 27
25 33
25 24
13 14
13 13
13 12
13 15
16 10
13 11
21 6 46 1
21 6 46 3
17 41 4
19 4
19 5
19 6
19 7
19 8
19 9
21 4 46 1
31 0
22 30
END_STATE
END_LABELED_STATE
BEGIN_LABELED_STATE
5
BEGIN_STATE
7 5 25
7 7 34
7 8 19
7 9 16
7 4 18
7 6 16
26 29
26 18
26 20
26 34
26 21
26 22
26 17
26 25
26 28
26 23
26 33
25 28
25 29
25 25
25 30
25 31
15 6 34
25 35
25 19
25 16
25 26
25 27
25 33
25 24
13 14
13 13
13 12
13 15
13 10
13 11
21 6 46 1
21 6 46 3
17 41 4
19 4
19 5
19 6
19 7
19 8
19 9
21 4 46 1
31 0
END_STATE
END_LABELED_STATE
BEGIN_LABELED_STATE
4
BEGIN_STATE
7 5 25
7 7 34
7 8 19
7 9 16
7 4 30
7 6 16
26 29
26 18
26 20
26 34
26 21
26 22
26 17
26 25
26 28
26 23
26 33
25 28
25 29
25 25
25 30
25 31
15 6 34
25 35
25 19
25 16
25 26
25 27
25 33
25 24
13 14
13 13
13 12
13 15
13 10
13 11
21 6 46 1
21 6 46 3
17 41 4
19 4
19 5
19 6
19 7
19 8
19 9
21 4 46 1
31 0
END_STATE
END_LABELED_STATE
BEGIN_LABELED_STATE
3
BEGIN_STATE
7 5 25
7 7 34
7 8 19
7 9 16
7 4 30
7 6 16
26 29
26 18
26 20
26 34
26 21
26 22
26 17
26 25
26 28
26 23
26 33
25 28
25 29
25 25
15 4 30
25 31
15 6 34
25 35
25 19
25 16
25 26
25 27
25 33
25 24
13 14
13 13
13 12
13 15
16 10
13 11
21 6 46 1
21 6 46 3
17 41 4
19 4
19 5
19 6
19 7
19 8
19 9
21 4 46 1
31 0
END_STATE
END_LABELED_STATE
BEGIN_LABELED_STATE
2
BEGIN_STATE
7 5 25
7 7 34
7 8 19
7 9 16
7 4 18
7 6 16
26 29
26 18
26 20
26 34
26 21
26 22
26 17
26 25
26 28
26 23
26 33
25 28
25 29
25 25
15 4 30
25 31
15 6 34
25 35
25 19
25 16
25 26
25 27
25 33
25 24
13 14
13 13
13 12
13 15
16 10
13 11
21 6 46 1
21 6 46 3
17 41 4
19 4
19 5
19 6
19 7
19 8
19 9
21 4 46 1
31 0
END_STATE
END_LABELED_STATE
BEGIN_LABELED_STATE
1
BEGIN_STATE
7 5 25
7 7 34
7 8 19
7 9 16
7 4 16
7 6 16
26 29
26 18
26 20
26 34
26 21
26 22
26 17
26 25
26 28
26 23
26 33
25 28
25 29
25 25
15 4 30
25 31
15 6 34
25 35
25 19
25 16
25 26
25 27
25 33
25 24
13 14
13 13
13 12
13 15
16 10
13 11
21 6 46 1
21 6 46 3
17 41 4
19 4
19 5
19 6
19 7
19 8
19 9
21 4 46 1
31 0
END_STATE
END_LABELED_STATE
BEGIN_LABELED_STATE
0
BEGIN_STATE
7 5 25
7 7 34
7 8 19
7 9 16
7 4 16
7 6 16
26 29
26 18
26 20
26 34
26 21
26 22
26 17
26 25
26 28
26 23
26 33
25 28
25 29
25 25
15 4 30
25 31
15 6 34
25 35
25 19
25 16
25 26
25 27
25 33
25 24
13 14
13 13
13 12
13 15
16 10
13 11
21 6 46 1
21 6 46 3
17 41 4
19 4
19 5
19 6
19 7
19 8
19 9
21 4 46 1
31 0
22 30
END_STATE
END_LABELED_STATE
BEGIN_LABELED_STATE
5
BEGIN_STATE
7 5 25
7 7 34
7 8 19
7 9 16
7 4 18
7 6 16
26 29
26 18
26 20
26 34
26 21
26 22
26 17
26 25
26 28
26 23
26 33
25 28
25 29
25 25
25 30
25 31
15 6 34
25 35
25 19
25 16
25 26
25 27
25 33
25 24
13 14
13 13
13 12
13 15
13 10
13 11
21 6 46 1
21 6 46 3
17 37 6
17 41 4
19 4
19 5
19 6
19 7
19 8
19 9
21 4 46 1
31 0
END_STATE
END_LABELED_STATE
BEGIN_LABELED_STATE
4
BEGIN_STATE
7 5 25
7 7 34
7 8 19
7 9 16
7 4 30
7 6 16
26 29
26 18
26 20
26 34
26 21
26 22
26 17
26 25
26 28
26 23
26 33
25 28
25 29
25 25
25 30
25 31
15 6 34
25 35
25 19
25 16
25 26
25 27
25 33
25 24
13 14
13 13
13 12
13 15
13 10
13 11
21 6 46 1
21 6 46 3
17 37 6
17 41 4
19 4
19 5
19 6
19 7
19 8
19 9
21 4 46 1
31 0
END_STATE
END_LABELED_STATE
BEGIN_LABELED_STATE
3
BEGIN_STATE
7 5 25
7 7 34
7 8 19
7 9 16
7 4 30
7 6 16
26 29
26 18
26 20
26 34
26 21
26 22
26 17
26 25
26 28
26 23
26 33
25 28
25 29
25 25
15 4 30
25 31
15 6 34
25 35
25 19
25 16
25 26
25 27
25 33
25 24
13 14
13 13
13 12
13 15
16 10
13 11
21 6 46 1
21 6 46 3
17 37 6
17 41 4
19 4
19 5
19 6
19 7
19 8
19 9
21 4 46 1
31 0
END_STATE
END_LABELED_STATE
BEGIN_LABELED_STATE
2
BEGIN_STATE
7 5 25
7 7 34
7 8 19
7 9 16
7 4 18
7 6 16
26 29
26 18
26 20
26 34
26 21
26 22
26 17
26 25
26 28
26 23
26 33
25 28
25 29
25 25
15 4 30
25 31
15 6 34
25 35
25 19
25 16
25 26
25 27
25 33
25 24
13 14
13 13
13 12
13 15
16 10
13 11
21 6 46 1
21 6 46 3
17 37 6
17 41 4
19 4
19 5
19 6
19 7
19 8
19 9
21 4 46 1
31 0
END_STATE
END_LABELED_STATE
BEGIN_LABELED_STATE
1
BEGIN_STATE
7 5 25
7 7 34
7 8 19
7 9 16
7 4 16
7 6 16
26 29
26 18
26 20
26 34
26 21
26 22
26 17
26 25
26 28
26 23
26 33
25 28
25 29
25 25
15 4 30
25 31
15 6 34
25 35
25 19
25 16
25 26
25 27
25 33
25 24
13 14
13 13
13 12
13 15
16 10
13 11
21 6 46 1
21 6 46 3
17 37 6
17 41 4
19 4
19 5
19 6
19 7
19 8
19 9
21 4 46 1
31 0
END_STATE
END_LABELED_STATE
BEGIN_LABELED_STATE
0
BEGIN_STATE
7 5 25
7 7 34
7 8 19
7 9 16
7 4 16
7 6 16
26 29
26 18
26 20
26 34
26 21
26 22
26 17
26 25
26 28
26 23
26 33
25 28
25 29
25 25
15 4 30
25 31
15 6 34
25 35
25 19
25 16
25 26
25 27
25 33
25 24
13 14
13 13
13 12
13 15
16 10
13 11
21 6 46 1
21 6 46 3
17 37 6
17 41 4
19 4
19 5
19 6
19 7
19 8
19 9
21 4 46 1
31 0
22 30
END_STATE
END_LABELED_STATE
BEGIN_LABELED_STATE
5
BEGIN_STATE
7 5 25
7 7 34
7 8 19
7 9 16
7 4 18
7 6 34
26 29
26 18
26 20
26 34
26 21
26 22
26 17
26 25
26 28
26 23
26 33
25 28
25 29
25 25
25 30
25 31
15 6 34
25 35
25 19
25 16
25 26
25 27
25 33
25 24
13 14
13 13
13 12
13 15
13 10
13 11
21 6 46 1
21 6 46 3
17 37 6
17 41 4
19 4
19 5
19 6
19 7
19 8
19 9
21 4 46 1
31 0
END_STATE
END_LABELED_STATE
BEGIN_LABELED_STATE
4
BEGIN_STATE
7 5 25
7 7 34
7 8 19
7 9 16
7 4 30
7 6 34
26 29
26 18
26 20
26 34
26 21
26 22
26 17
26 25
26 28
26 23
26 33
25 28
25 29
25 25
25 30
25 31
15 6 34
25 35
25 19
25 16
25 26
25 27
25 33
25 24
13 14
13 13
13 12
13 15
13 10
13 11
21 6 46 1
21 6 46 3
17 37 6
17 41 4
19 4
19 5
19 6
19 7
19 8
19 9
21 4 46 1
31 0
END_STATE
END_LABELED_STATE
BEGIN_LABELED_STATE
3
BEGIN_STATE
7 5 25
7 7 34
7 8 19
7 9 16
7 4 30
7 6 34
26 29
26 18
26 20
26 34
26 21
26 22
26 17
26 25
26 28
26 23
26 33
25 28
25 29
25 25
15 4 30
25 31
15 6 34
25 35
25 19
25 16
25 26
25 27
25 33
25 24
13 14
13 13
13 12
13 15
16 10
13 11
21 6 46 1
21 6 46 3
17 37 6
17 41 4
19 4
19 5
19 6
19 7
19 8
19 9
21 4 46 1
31 0
END_STATE
END_LABELED_STATE
BEGIN_LABELED_STATE
2
BEGIN_STATE
7 5 25
7 7 34
7 8 19
7 9 16
7 4 18
7 6 34
26 29
26 18
26 20
26 34
26 21
26 22
26 17
26 25
26 28
26 23
26 33
25 28
25 29
25 25
15 4 30
25 31
15 6 34
25 35
25 19
25 16
25 26
25 27
25 33
25 24
13 14
13 13
13 12
13 15
16 10
13 11
21 6 46 1
21 6 46 3
17 37 6
17 41 4
19 4
19 5
19 6
19 7
19 8
19 9
21 4 46 1
31 0
END_STATE
END_LABELED_STATE
BEGIN_LABELED_STATE
1
BEGIN_STATE
7 5 25
7 7 34
7 8 19
7 9 16
7 4 16
7 6 34
26 29
26 18
26 20
26 34
26 21
26 22
26 17
26 25
26 28
26 23
26 33
25 28
25 29
25 25
15 4 30
25 31
15 6 34
25 35
25 19
25 16
25 26
25 27
25 33
25 24
13 14
13 13
13 12
13 15
16 10
13 11
21 6 46 1
21 6 46 3
17 37 6
17 41 4
19 4
19 5
19 6
19 7
19 8
19 9
21 4 46 1
31 0
END_STATE
END_LABELED_STATE
BEGIN_LABELED_STATE
0
BEGIN_STATE
7 5 25
7 7 34
7 8 19
7 9 16
7 4 16
7 6 34
26 29
26 18
26 20
26 34
26 21
26 22
26 17
26 25
26 28
26 23
26 33
25 28
25 29
25 25
15 4 30
25 31
15 6 34
25 35
25 19
25 16
25 26
25 27
25 33
25 24
13 14
13 13
13 12
13 15
16 10
13 11
21 6 46 1
21 6 46 3
17 37 6
17 41 4
19 4
19 5
19 6
19 7
19 8
19 9
21 4 46 1
31 0
22 30
END_STATE
END_LABELED_STATE
BEGIN_LABELED_STATE
6
BEGIN_STATE
7 5 25
7 7 34
7 8 19
7 9 16
7 4 34
7 6 34
26 29
26 18
26 20
26 34
26 21
26 22
26 17
26 25
26 28
26 23
26 33
25 28
25 29
25 25
25 30
25 31
15 6 34
25 35
25 19
25 16
25 26
25 27
25 33
25 24
13 14
13 13
13 12
13 15
13 10
13 11
21 6 46 1
21 6 46 3
17 37 6
17 41 4
19 4
19 5
19 6
19 7
19 8
19 9
21 4 46 1
31 0
END_STATE
END_LABELED_STATE
BEGIN_LABELED_STATE
6
BEGIN_STATE
7 5 25
7 7 34
7 8 19
7 9 16
7 4 34
7 6 16
26 29
26 18
26 20
26 34
26 21
26 22
26 17
26 25
26 28
26 23
26 33
25 28
25 29
25 25
25 30
25 31
15 6 34
25 35
25 19
25 16
25 26
25 27
25 33
25 24
13 14
13 13
13 12
13 15
13 10
13 11
21 6 46 1
21 6 46 3
17 37 6
17 41 4
19 4
19 5
19 6
19 7
19 8
19 9
21 4 46 1
31 0
END_STATE
END_LABELED_STATE
BEGIN_LABELED_STATE
5
BEGIN_STATE
7 5 25
7 7 34
7 8 19
7 9 16
7 4 34
7 6 25
26 29
26 18
26 20
26 34
26 21
26 22
26 17
26 25
26 28
26 23
26 33
25 28
25 29
25 25
25 30
25 31
15 6 34
25 35
25 19
25 16
25 26
25 27
25 33
25 24
13 14
13 13
13 12
13 15
13 10
13 11
21 6 46 1
21 6 46 3
17 37 6
17 41 4
19 4
19 5
19 6
19 7
19 8
19 9
21 4 46 1
31 0
END_STATE
END_LABELED_STATE
BEGIN_LABELED_STATE
4
BEGIN_STATE
7 5 25
7 7 34
7 8 19
7 9 16
7 4 34
7 6 30
26 29
26 18
26 20
26 34
26 21
26 22
26 17
26 25
26 28
26 23
26 33
25 28
25 29
25 25
25 30
25 31
15 6 34
25 35
25 19
25 16
25 26
25 27
25 33
25 24
13 14
13 13
13 12
13 15
13 10
13 11
21 6 46 1
21 6 46 3
17 37 6
17 41 4
19 4
19 5
19 6
19 7
19 8
19 9
21 4 46 1
31 0
END_STATE
END_LABELED_STATE
BEGIN_LABELED_STATE
3
BEGIN_STATE
7 5 25
7 7 34
7 8 19
7 9 16
7 4 34
7 6 30
26 29
26 18
26 20
26 34
26 21
26 22
26 17
26 25
26 28
26 23
26 33
25 28
25 29
25 25
15 6 30
25 31
15 6 34
25 35
25 19
25 16
25 26
25 27
25 33
25 24
13 14
13 13
16 12
13 15
13 10
13 11
21 6 46 1
21 6 46 3
17 37 6
17 41 4
19 4
19 5
19 6
19 7
19 8
19 9
21 4 46 1
31 0
END_STATE
END_LABELED_STATE
BEGIN_LABELED_STATE
2
BEGIN_STATE
7 5 25
7 7 34
7 8 19
7 9 16
7 4 34
7 6 25
26 29
26 18
26 20
26 34
26 21
26 22
26 17
26 25
26 28
26 23
26 33
25 28
25 29
25 25
15 6 30
25 31
15 6 34
25 35
25 19
25 16
25 26
25 27
25 33
25 24
13 14
13 13
16 12
13 15
13 10
13 11
21 6 46 1
21 6 46 3
17 37 6
17 41 4
19 4
19 5
19 6
19 7
19 8
19 9
21 4 46 1
31 0
END_STATE
END_LABELED_STATE
BEGIN_LABELED_STATE
1
BEGIN_STATE
7 5 25
7 7 34
7 8 19
7 9 16
7 4 34
7 6 35
26 29
26 18
26 20
26 34
26 21
26 22
26 17
26 25
26 28
26 23
26 33
25 28
25 29
25 25
15 6 30
25 31
15 6 34
25 35
25 19
25 16
25 26
25 27
25 33
25 24
13 14
13 13
16 12
13 15
13 10
13 11
21 6 46 1
21 6 46 3
17 37 6
17 41 4
19 4
19 5
19 6
19 7
19 8
19 9
21 4 46 1
31 0
END_STATE
END_LABELED_STATE
BEGIN_LABELED_STATE
0
BEGIN_STATE
7 5 25
7 7 34
7 8 19
7 9 16
7 4 34
7 6 35
26 29
26 18
26 20
26 34
26 21
26 22
26 17
26 25
26 28
26 23
26 33
25 28
25 29
25 25
15 6 30
25 31
15 6 34
25 35
25 19
25 16
25 26
25 27
25 33
25 24
13 14
13 13
16 12
13 15
13 10
13 11
21 6 46 1
21 6 46 3
17 37 6
17 41 4
19 4
19 5
19 6
19 7
19 8
19 9
21 4 46 1
31 0
22 30
END_STATE
END_LABELED_STATE
BEGIN_LABELED_STATE
6
BEGIN_STATE
7 5 25
7 7 34
7 8 19
7 9 16
7 4 34
7 6 33
26 29
26 18
26 20
26 34
26 21
26 22
26 17
26 25
26 28
26 23
26 33
25 28
25 29
25 25
25 30
25 31
15 6 34
25 35
25 19
25 16
25 26
25 27
25 33
25 24
13 14
13 13
13 12
13 15
13 10
13 11
21 6 46 1
21 6 46 3
17 37 6
17 41 4
19 4
19 5
19 6
19 7
19 8
19 9
21 4 46 1
31 0
END_STATE
END_LABELED_STATE
BEGIN_LABELED_STATE
5
BEGIN_STATE
7 5 25
7 7 34
7 8 19
7 9 16
7 4 18
7 6 33
26 29
26 18
26 20
26 34
26 21
26 22
26 17
26 25
26 28
26 23
26 33
25 28
25 29
25 25
25 30
25 31
15 6 34
25 35
25 19
25 16
25 26
25 27
25 33
25 24
13 14
13 13
13 12
13 15
13 10
13 11
21 6 46 1
21 6 46 3
17 37 6
17 41 4
19 4
19 5
19 6
19 7
19 8
19 9
21 4 46 1
31 0
END_STATE
END_LABELED_STATE
BEGIN_LABELED_STATE
4
BEGIN_STATE
7 5 25
7 7 34
7 8 19
7 9 16
7 4 30
7 6 33
26 29
26 18
26 20
26 34
26 21
26 22
26 17
26 25
26 28
26 23
26 33
25 28
25 29
25 25
25 30
25 31
15 6 34
25 35
25 19
25 16
25 26
25 27
25 33
25 24
13 14
13 13
13 12
13 15
13 10
13 11
21 6 46 1
21 6 46 3
17 37 6
17 41 4
19 4
19 5
19 6
19 7
19 8
19 9
21 4 46 1
31 0
END_STATE
END_LABELED_STATE
BEGIN_LABELED_STATE
3
BEGIN_STATE
7 5 25
7 7 34
7 8 19
7 9 16
7 4 30
7 6 33
26 29
26 18
26 20
26 34
26 21
26 22
26 17
26 25
26 28
26 23
26 33
25 28
25 29
25 25
15 4 30
25 31
15 6 34
25 35
25 19
25 16
25 26
25 27
25 33
25 24
13 14
13 13
13 12
13 15
16 10
13 11
21 6 46 1
21 6 46 3
17 37 6
17 41 4
19 4
19 5
19 6
19 7
19 8
19 9
21 4 46 1
31 0
END_STATE
END_LABELED_STATE
BEGIN_LABELED_STATE
2
BEGIN_STATE
7 5 25
7 7 34
7 8 19
7 9 16
7 4 18
7 6 33
26 29
26 18
26 20
26 34
26 21
26 22
26 17
26 25
26 28
26 23
26 33
25 28
25 29
25 25
15 4 30
25 31
15 6 34
25 35
25 19
25 16
25 26
25 27
25 33
25 24
13 14
13 13
13 12
13 15
16 10
13 11
21 6 46 1
21 6 46 3
17 37 6
17 41 4
19 4
19 5
19 6
19 7
19 8
19 9
21 4 46 1
31 0
END_STATE
END_LABELED_STATE
BEGIN_LABELED_STATE
1
BEGIN_STATE
7 5 25
7 7 34
7 8 19
7 9 16
7 4 16
7 6 33
26 29
26 18
26 20
26 34
26 21
26 22
26 17
26 25
26 28
26 23
26 33
25 28
25 29
25 25
15 4 30
25 31
15 6 34
25 35
25 19
25 16
25 26
25 27
25 33
25 24
13 14
13 13
13 12
13 15
16 10
13 11
21 6 46 1
21 6 46 3
17 37 6
17 41 4
19 4
19 5
19 6
19 7
19 8
19 9
21 4 46 1
31 0
END_STATE
END_LABELED_STATE
BEGIN_LABELED_STATE
0
BEGIN_STATE
7 5 25
7 7 34
7 8 19
7 9 16
7 4 16
7 6 33
26 29
26 18
26 20
26 34
26 21
26 22
26 17
26 25
26 28
26 23
26 33
25 28
25 29
25 25
15 4 30
25 31
15 6 34
25 35
25 19
25 16
25 26
25 27
25 33
25 24
13 14
13 13
13 12
13 15
16 10
13 11
21 6 46 1
21 6 46 3
17 37 6
17 41 4
19 4
19 5
19 6
19 7
19 8
19 9
21 4 46 1
31 0
22 30
END_STATE
END_LABELED_STATE
BEGIN_LABELED_STATE
6
BEGIN_STATE
7 5 25
7 7 34
7 8 19
7 9 16
7 4 34
7 6 33
26 29
26 18
26 20
26 34
26 21
26 22
26 17
26 25
26 28
26 23
26 33
25 28
25 29
25 25
25 30
25 31
15 6 34
25 35
25 19
25 16
25 26
25 27
25 33
25 24
13 14
13 13
13 12
13 15
13 10
13 11
21 6 46 1
21 6 46 3
17 41 4
19 4
19 5
19 6
19 7
19 8
19 9
21 4 46 1
31 0
END_STATE
END_LABELED_STATE
BEGIN_LABELED_STATE
5
BEGIN_STATE
7 5 25
7 7 34
7 8 19
7 9 16
7 4 18
7 6 33
26 29
26 18
26 20
26 34
26 21
26 22
26 17
26 25
26 28
26 23
26 33
25 28
25 29
25 25
25 30
25 31
15 6 34
25 35
25 19
25 16
25 26
25 27
25 33
25 24
13 14
13 13
13 12
13 15
13 10
13 11
21 6 46 1
21 6 46 3
17 41 4
19 4
19 5
19 6
19 7
19 8
19 9
21 4 46 1
31 0
END_STATE
END_LABELED_STATE
BEGIN_LABELED_STATE
4
BEGIN_STATE
7 5 25
7 7 34
7 8 19
7 9 16
7 4 30
7 6 33
26 29
26 18
26 20
26 34
26 21
26 22
26 17
26 25
26 28
26 23
26 33
25 28
25 29
25 25
25 30
25 31
15 6 34
25 35
25 19
25 16
25 26
25 27
25 33
25 24
13 14
13 13
13 12
13 15
13 10
13 11
21 6 46 1
21 6 46 3
17 41 4
19 4
19 5
19 6
19 7
19 8
19 9
21 4 46 1
31 0
END_STATE
END_LABELED_STATE
BEGIN_LABELED_STATE
3
BEGIN_STATE
7 5 25
7 7 34
7 8 19
7 9 16
7 4 30
7 6 33
26 29
26 18
26 20
26 34
26 21
26 22
26 17
26 25
26 28
26 23
26 33
25 28
25 29
25 25
15 4 30
25 31
15 6 34
25 35
25 19
25 16
25 26
25 27
25 33
25 24
13 14
13 13
13 12
13 15
16 10
13 11
21 6 46 1
21 6 46 3
17 41 4
19 4
19 5
19 6
19 7
19 8
19 9
21 4 46 1
31 0
END_STATE
END_LABELED_STATE
BEGIN_LABELED_STATE
2
BEGIN_STATE
7 5 25
7 7 34
7 8 19
7 9 16
7 4 18
7 6 33
26 29
26 18
26 20
26 34
26 21
26 22
26 17
26 25
26 28
26 23
26 33
25 28
25 29
25 25
15 4 30
25 31
15 6 34
25 35
25 19
25 16
25 26
25 27
25 33
25 24
13 14
13 13
13 12
13 15
16 10
13 11
21 6 46 1
21 6 46 3
17 41 4
19 4
19 5
19 6
19 7
19 8
19 9
21 4 46 1
31 0
END_STATE
END_LABELED_STATE
BEGIN_LABELED_STATE
1
BEGIN_STATE
7 5 25
7 7 34
7 8 19
7 9 16
7 4 16
7 6 33
26 29
26 18
26 20
26 34
26 21
26 22
26 17
26 25
26 28
26 23
26 33
25 28
25 29
25 25
15 4 30
25 31
15 6 34
25 35
25 19
25 16
25 26
25 27
25 33
25 24
13 14
13 13
13 12
13 15
16 10
13 11
21 6 46 1
21 6 46 3
17 41 4
19 4
19 5
19 6
19 7
19 8
19 9
21 4 46 1
31 0
END_STATE
END_LABELED_STATE
BEGIN_LABELED_STATE
0
BEGIN_STATE
7 5 25
7 7 34
7 8 19
7 9 16
7 4 16
7 6 33
26 29
26 18
26 20
26 34
26 21
26 22
26 17
26 25
26 28
26 23
26 33
25 28
25 29
25 25
15 4 30
25 31
15 6 34
25 35
25 19
25 16
25 26
25 27
25 33
25 24
13 14
13 13
13 12
13 15
16 10
13 11
21 6 46 1
21 6 46 3
17 41 4
19 4
19 5
19 6
19 7
19 8
19 9
21 4 46 1
31 0
22 30
END_STATE
END_LABELED_STATE
BEGIN_LABELED_STATE
6
BEGIN_STATE
7 5 25
7 7 34
7 8 19
7 9 16
7 4 34
7 6 16
26 29
26 18
26 20
26 34
26 21
26 22
26 17
26 25
26 28
26 23
26 33
25 28
25 29
25 25
25 30
25 31
15 6 34
25 35
25 19
25 16
25 26
25 27
25 33
25 24
13 14
13 13
13 12
13 15
13 10
13 11
21 6 46 1
21 6 46 3
17 41 4
19 4
19 5
19 6
19 7
19 8
19 9
21 4 46 1
31 0
END_STATE
END_LABELED_STATE
BEGIN_LABELED_STATE
5
BEGIN_STATE
7 5 25
7 7 34
7 8 19
7 9 16
7 4 34
7 6 25
26 29
26 18
26 20
26 34
26 21
26 22
26 17
26 25
26 28
26 23
26 33
25 28
25 29
25 25
25 30
25 31
15 6 34
25 35
25 19
25 16
25 26
25 27
25 33
25 24
13 14
13 13
13 12
13 15
13 10
13 11
21 6 46 1
21 6 46 3
17 41 4
19 4
19 5
19 6
19 7
19 8
19 9
21 4 46 1
31 0
END_STATE
END_LABELED_STATE
BEGIN_LABELED_STATE
4
BEGIN_STATE
7 5 25
7 7 34
7 8 19
7 9 16
7 4 34
7 6 30
26 29
26 18
26 20
26 34
26 21
26 22
26 17
26 25
26 28
26 23
26 33
25 28
25 29
25 25
25 30
25 31
15 6 34
25 35
25 19
25 16
25 26
25 27
25 33
25 24
13 14
13 13
13 12
13 15
13 10
13 11
21 6 46 1
21 6 46 3
17 41 4
19 4
19 5
19 6
19 7
19 8
19 9
21 4 46 1
31 0
END_STATE
END_LABELED_STATE
BEGIN_LABELED_STATE
3
BEGIN_STATE
7 5 25
7 7 34
7 8 19
7 9 16
7 4 34
7 6 30
26 29
26 18
26 20
26 34
26 21
26 22
26 17
26 25
26 28
26 23
26 33
25 28
25 29
25 25
15 6 30
25 31
15 6 34
25 35
25 19
25 16
25 26
25 27
25 33
25 24
13 14
13 13
16 12
13 15
13 10
13 11
21 6 46 1
21 6 46 3
17 41 4
19 4
19 5
19 6
19 7
19 8
19 9
21 4 46 1
31 0
END_STATE
END_LABELED_STATE
BEGIN_LABELED_STATE
2
BEGIN_STATE
7 5 25
7 7 34
7 8 19
7 9 16
7 4 34
7 6 25
26 29
26 18
26 20
26 34
26 21
26 22
26 17
26 25
26 28
26 23
26 33
25 28
25 29
25 25
15 6 30
25 31
15 6 34
25 35
25 19
25 16
25 26
25 27
25 33
25 24
13 14
13 13
16 12
13 15
13 10
13 11
21 6 46 1
21 6 46 3
17 41 4
19 4
19 5
19 6
19 7
19 8
19 9
21 4 46 1
31 0
END_STATE
END_LABELED_STATE
BEGIN_LABELED_STATE
1
BEGIN_STATE
7 5 25
7 7 34
7 8 19
7 9 16
7 4 34
7 6 35
26 29
26 18
26 20
26 34
26 21
26 22
26 17
26 25
26 28
26 23
26 33
25 28
25 29
25 25
15 6 30
25 31
15 6 34
25 35
25 19
25 16
25 26
25 27
25 33
25 24
13 14
13 13
16 12
13 15
13 10
13 11
21 6 46 1
21 6 46 3
17 41 4
19 4
19 5
19 6
19 7
19 8
19 9
21 4 46 1
31 0
END_STATE
END_LABELED_STATE
BEGIN_LABELED_STATE
0
BEGIN_STATE
7 5 25
7 7 34
7 8 19
7 9 16
7 4 34
7 6 35
26 29
26 18
26 20
26 34
26 21
26 22
26 17
26 25
26 28
26 23
26 33
25 28
25 29
25 25
15 6 30
25 31
15 6 34
25 35
25 19
25 16
25 26
25 27
25 33
25 24
13 14
13 13
16 12
13 15
13 10
13 11
21 6 46 1
21 6 46 3
17 41 4
19 4
19 5
19 6
19 7
19 8
19 9
21 4 46 1
31 0
22 30
END_STATE
END_LABELED_STATE
BEGIN_LABELED_STATE
6
BEGIN_STATE
7 5 25
7 7 34
7 8 19
7 9 16
7 4 34
7 6 34
26 29
26 18
26 20
26 34
26 21
26 22
26 17
26 25
26 28
26 23
26 33
25 28
25 29
25 25
25 30
25 31
15 6 34
25 35
25 19
25 16
25 26
25 27
25 33
25 24
13 14
13 13
13 12
13 15
13 10
13 11
21 6 46 1
21 6 46 3
17 41 4
19 4
19 5
19 6
19 7
19 8
19 9
21 4 46 1
31 0
END_STATE
END_LABELED_STATE
BEGIN_LABELED_STATE
7
BEGIN_STATE
7 5 25
7 7 34
7 8 19
7 9 16
7 4 34
7 6 34
26 29
26 18
26 20
14 4 34
26 21
26 22
26 17
26 25
26 28
26 23
26 33
25 28
25 29
25 25
25 30
25 31
15 6 34
25 35
25 19
25 16
25 26
25 27
25 33
25 24
13 14
13 13
13 12
13 15
16 10
13 11
21 6 46 1
21 6 46 3
17 41 4
19 4
19 5
19 6
19 7
19 8
19 9
21 4 46 1
31 0
END_STATE
END_LABELED_STATE
BEGIN_LABELED_STATE
6
BEGIN_STATE
7 5 25
7 7 34
7 8 22
7 9 16
7 4 34
7 6 34
26 29
26 18
26 20
14 4 34
26 21
26 22
26 17
26 25
26 28
26 23
26 33
25 28
25 29
25 25
25 30
25 31
15 6 34
25 35
25 19
25 16
25 26
25 27
25 33
25 24
13 14
13 13
13 12
13 15
16 10
13 11
21 6 46 1
21 6 46 3
17 41 4
19 4
19 5
19 6
19 7
19 8
19 9
21 4 46 1
31 0
END_STATE
END_LABELED_STATE
BEGIN_LABELED_STATE
5
BEGIN_STATE
7 5 25
7 7 34
7 8 30
7 9 16
7 4 34
7 6 34
26 29
26 18
26 20
14 4 34
26 21
26 22
26 17
26 25
26 28
26 23
26 33
25 28
25 29
25 25
25 30
25 31
15 6 34
25 35
25 19
25 16
25 26
25 27
25 33
25 24
13 14
13 13
13 12
13 15
16 10
13 11
21 6 46 1
21 6 46 3
17 41 4
19 4
19 5
19 6
19 7
19 8
19 9
21 4 46 1
31 0
END_STATE
END_LABELED_STATE
BEGIN_LABELED_STATE
4
BEGIN_STATE
7 5 25
7 7 34
7 8 30
7 9 16
7 4 34
7 6 34
26 29
26 18
26 20
14 4 34
26 21
26 22
26 17
26 25
26 28
26 23
26 33
25 28
25 29
25 25
15 8 30
25 31
15 6 34
25 35
25 19
25 16
25 26
25 27
25 33
25 24
16 14
13 13
13 12
13 15
16 10
13 11
21 6 46 1
21 6 46 3
17 41 4
19 4
19 5
19 6
19 7
19 8
19 9
21 4 46 1
31 0
END_STATE
END_LABELED_STATE
BEGIN_LABELED_STATE
3
BEGIN_STATE
7 5 25
7 7 34
7 8 22
7 9 16
7 4 34
7 6 34
26 29
26 18
26 20
14 4 34
26 21
26 22
26 17
26 25
26 28
26 23
26 33
25 28
25 29
25 25
15 8 30
25 31
15 6 34
25 35
25 19
25 16
25 26
25 27
25 33
25 24
16 14
13 13
13 12
13 15
16 10
13 11
21 6 46 1
21 6 46 3
17 41 4
19 4
19 5
19 6
19 7
19 8
19 9
21 4 46 1
31 0
END_STATE
END_LABELED_STATE
BEGIN_LABELED_STATE
2
BEGIN_STATE
7 5 25
7 7 34
7 8 19
7 9 16
7 4 34
7 6 34
26 29
26 18
26 20
14 4 34
26 21
26 22
26 17
26 25
26 28
26 23
26 33
25 28
25 29
25 25
15 8 30
25 31
15 6 34
25 35
25 19
25 16
25 26
25 27
25 33
25 24
16 14
13 13
13 12
13 15
16 10
13 11
21 6 46 1
21 6 46 3
17 41 4
19 4
19 5
19 6
19 7
19 8
19 9
21 4 46 1
31 0
END_STATE
END_LABELED_STATE
BEGIN_LABELED_STATE
1
BEGIN_STATE
7 5 25
7 7 34
7 8 27
7 9 16
7 4 34
7 6 34
26 29
26 18
26 20
14 4 34
26 21
26 22
26 17
26 25
26 28
26 23
26 33
25 28
25 29
25 25
15 8 30
25 31
15 6 34
25 35
25 19
25 16
25 26
25 27
25 33
25 24
16 14
13 13
13 12
13 15
16 10
13 11
21 6 46 1
21 6 46 3
17 41 4
19 4
19 5
19 6
19 7
19 8
19 9
21 4 46 1
31 0
END_STATE
END_LABELED_STATE
BEGIN_LABELED_STATE
0
BEGIN_STATE
7 5 25
7 7 34
7 8 27
7 9 16
7 4 34
7 6 34
26 29
26 18
26 20
14 4 34
26 21
26 22
26 17
26 25
26 28
26 23
26 33
25 28
25 29
25 25
15 8 30
25 31
15 6 34
25 35
25 19
25 16
25 26
25 27
25 33
25 24
16 14
13 13
13 12
13 15
16 10
13 11
21 6 46 1
21 6 46 3
17 41 4
19 4
19 5
19 6
19 7
19 8
19 9
21 4 46 1
31 0
22 30
END_STATE
END_LABELED_STATE
BEGIN_LABELED_STATE
6
BEGIN_STATE
7 5 25
7 7 34
7 8 19
7 9 16
7 4 34
7 6 34
26 29
26 18
26 20
14 4 34
26 21
26 22
26 17
26 25
26 28
26 23
26 33
25 28
25 29
25 25
25 30
25 31
15 6 34
25 35
25 19
25 16
25 26
25 27
25 33
25 24
13 14
13 13
13 12
13 15
13 10
13 11
21 6 46 1
21 6 46 3
17 41 4
19 4
19 5
19 6
19 7
19 8
19 9
21 4 46 1
31 0
END_STATE
END_LABELED_STATE
BEGIN_LABELED_STATE
5
BEGIN_STATE
7 5 25
7 7 34
7 8 19
7 9 16
7 4 18
7 6 34
26 29
26 18
26 20
14 4 34
26 21
26 22
26 17
26 25
26 28
26 23
26 33
25 28
25 29
25 25
25 30
25 31
15 6 34
25 35
25 19
25 16
25 26
25 27
25 33
25 24
13 14
13 13
13 12
13 15
13 10
13 11
21 6 46 1
21 6 46 3
17 41 4
19 4
19 5
19 6
19 7
19 8
19 9
21 4 46 1
31 0
END_STATE
END_LABELED_STATE
BEGIN_LABELED_STATE
4
BEGIN_STATE
7 5 25
7 7 34
7 8 19
7 9 16
7 4 30
7 6 34
26 29
26 18
26 20
14 4 34
26 21
26 22
26 17
26 25
26 28
26 23
26 33
25 28
25 29
25 25
25 30
25 31
15 6 34
25 35
25 19
25 16
25 26
25 27
25 33
25 24
13 14
13 13
13 12
13 15
13 10
13 11
21 6 46 1
21 6 46 3
17 41 4
19 4
19 5
19 6
19 7
19 8
19 9
21 4 46 1
31 0
END_STATE
END_LABELED_STATE
BEGIN_LABELED_STATE
3
BEGIN_STATE
7 5 25
7 7 34
7 8 19
7 9 16
7 4 30
7 6 34
26 29
26 18
26 20
14 4 34
26 21
26 22
26 17
26 25
26 28
26 23
26 33
25 28
25 29
25 25
15 4 30
25 31
15 6 34
25 35
25 19
25 16
25 26
25 27
25 33
25 24
13 14
13 13
13 12
13 15
16 10
13 11
21 6 46 1
21 6 46 3
17 41 4
19 4
19 5
19 6
19 7
19 8
19 9
21 4 46 1
31 0
END_STATE
END_LABELED_STATE
BEGIN_LABELED_STATE
2
BEGIN_STATE
7 5 25
7 7 34
7 8 19
7 9 16
7 4 18
7 6 34
26 29
26 18
26 20
14 4 34
26 21
26 22
26 17
26 25
26 28
26 23
26 33
25 28
25 29
25 25
15 4 30
25 31
15 6 34
25 35
25 19
25 16
25 26
25 27
25 33
25 24
13 14
13 13
13 12
13 15
16 10
13 11
21 6 46 1
21 6 46 3
17 41 4
19 4
19 5
19 6
19 7
19 8
19 9
21 4 46 1
31 0
END_STATE
END_LABELED_STATE
BEGIN_LABELED_STATE
1
BEGIN_STATE
7 5 25
7 7 34
7 8 19
7 9 16
7 4 16
7 6 34
26 29
26 18
26 20
14 4 34
26 21
26 22
26 17
26 25
26 28
26 23
26 33
25 28
25 29
25 25
15 4 30
25 31
15 6 34
25 35
25 19
25 16
25 26
25 27
25 33
25 24
13 14
13 13
13 12
13 15
16 10
13 11
21 6 46 1
21 6 46 3
17 41 4
19 4
19 5
19 6
19 7
19 8
19 9
21 4 46 1
31 0
END_STATE
END_LABELED_STATE
BEGIN_LABELED_STATE
0
BEGIN_STATE
7 5 25
7 7 34
7 8 19
7 9 16
7 4 16
7 6 34
26 29
26 18
26 20
14 4 34
26 21
26 22
26 17
26 25
26 28
26 23
26 33
25 28
25 29
25 25
15 4 30
25 31
15 6 34
25 35
25 19
25 16
25 26
25 27
25 33
25 24
13 14
13 13
13 12
13 15
16 10
13 11
21 6 46 1
21 6 46 3
17 41 4
19 4
19 5
19 6
19 7
19 8
19 9
21 4 46 1
31 0
22 30
END_STATE
END_LABELED_STATE
BEGIN_LABELED_STATE
6
BEGIN_STATE
7 5 25
7 7 34
7 8 19
7 9 16
7 4 34
7 6 16
26 29
26 18
26 20
14 4 34
26 21
26 22
26 17
26 25
26 28
26 23
26 33
25 28
25 29
25 25
25 30
25 31
15 6 34
25 35
25 19
25 16
25 26
25 27
25 33
25 24
13 14
13 13
13 12
13 15
13 10
13 11
21 6 46 1
21 6 46 3
17 41 4
19 4
19 5
19 6
19 7
19 8
19 9
21 4 46 1
31 0
END_STATE
END_LABELED_STATE
BEGIN_LABELED_STATE
5
BEGIN_STATE
7 5 25
7 7 34
7 8 19
7 9 16
7 4 34
7 6 25
26 29
26 18
26 20
14 4 34
26 21
26 22
26 17
26 25
26 28
26 23
26 33
25 28
25 29
25 25
25 30
25 31
15 6 34
25 35
25 19
25 16
25 26
25 27
25 33
25 24
13 14
13 13
13 12
13 15
13 10
13 11
21 6 46 1
21 6 46 3
17 41 4
19 4
19 5
19 6
19 7
19 8
19 9
21 4 46 1
31 0
END_STATE
END_LABELED_STATE
BEGIN_LABELED_STATE
4
BEGIN_STATE
7 5 25
7 7 34
7 8 19
7 9 16
7 4 34
7 6 30
26 29
26 18
26 20
14 4 34
26 21
26 22
26 17
26 25
26 28
26 23
26 33
25 28
25 29
25 25
25 30
25 31
15 6 34
25 35
25 19
25 16
25 26
25 27
25 33
25 24
13 14
13 13
13 12
13 15
13 10
13 11
21 6 46 1
21 6 46 3
17 41 4
19 4
19 5
19 6
19 7
19 8
19 9
21 4 46 1
31 0
END_STATE
END_LABELED_STATE
BEGIN_LABELED_STATE
3
BEGIN_STATE
7 5 25
7 7 34
7 8 19
7 9 16
7 4 34
7 6 30
26 29
26 18
26 20
14 4 34
26 21
26 22
26 17
26 25
26 28
26 23
26 33
25 28
25 29
25 25
15 6 30
25 31
15 6 34
25 35
25 19
25 16
25 26
25 27
25 33
25 24
13 14
13 13
16 12
13 15
13 10
13 11
21 6 46 1
21 6 46 3
17 41 4
19 4
19 5
19 6
19 7
19 8
19 9
21 4 46 1
31 0
END_STATE
END_LABELED_STATE
BEGIN_LABELED_STATE
2
BEGIN_STATE
7 5 25
7 7 34
7 8 19
7 9 16
7 4 34
7 6 25
26 29
26 18
26 20
14 4 34
26 21
26 22
26 17
26 25
26 28
26 23
26 33
25 28
25 29
25 25
15 6 30
25 31
15 6 34
25 35
25 19
25 16
25 26
25 27
25 33
25 24
13 14
13 13
16 12
13 15
13 10
13 11
21 6 46 1
21 6 46 3
17 41 4
19 4
19 5
19 6
19 7
19 8
19 9
21 4 46 1
31 0
END_STATE
END_LABELED_STATE
BEGIN_LABELED_STATE
1
BEGIN_STATE
7 5 25
7 7 34
7 8 19
7 9 16
7 4 34
7 6 35
26 29
26 18
26 20
14 4 34
26 21
26 22
26 17
26 25
26 28
26 23
26 33
25 28
25 29
25 25
15 6 30
25 31
15 6 34
25 35
25 19
25 16
25 26
25 27
25 33
25 24
13 14
13 13
16 12
13 15
13 10
13 11
21 6 46 1
21 6 46 3
17 41 4
19 4
19 5
19 6
19 7
19 8
19 9
21 4 46 1
31 0
END_STATE
END_LABELED_STATE
BEGIN_LABELED_STATE
0
BEGIN_STATE
7 5 25
7 7 34
7 8 19
7 9 16
7 4 34
7 6 35
26 29
26 18
26 20
14 4 34
26 21
26 22
26 17
26 25
26 28
26 23
26 33
25 28
25 29
25 25
15 6 30
25 31
15 6 34
25 35
25 19
25 16
25 26
25 27
25 33
25 24
13 14
13 13
16 12
13 15
13 10
13 11
21 6 46 1
21 6 46 3
17 41 4
19 4
19 5
19 6
19 7
19 8
19 9
21 4 46 1
31 0
22 30
END_STATE
END_LABELED_STATE
BEGIN_LABELED_STATE
6
BEGIN_STATE
7 5 25
7 7 34
7 8 19
7 9 16
7 4 34
7 6 16
26 29
26 18
26 20
14 4 34
26 21
26 22
26 17
26 25
26 28
26 23
26 33
25 28
25 29
25 25
25 30
25 31
15 6 34
25 35
25 19
25 16
25 26
25 27
25 33
25 24
13 14
13 13
13 12
13 15
13 10
13 11
21 6 46 1
21 6 46 3
17 37 6
17 41 4
19 4
19 5
19 6
19 7
19 8
19 9
21 4 46 1
31 0
END_STATE
END_LABELED_STATE
BEGIN_LABELED_STATE
5
BEGIN_STATE
7 5 25
7 7 34
7 8 19
7 9 16
7 4 34
7 6 25
26 29
26 18
26 20
14 4 34
26 21
26 22
26 17
26 25
26 28
26 23
26 33
25 28
25 29
25 25
25 30
25 31
15 6 34
25 35
25 19
25 16
25 26
25 27
25 33
25 24
13 14
13 13
13 12
13 15
13 10
13 11
21 6 46 1
21 6 46 3
17 37 6
17 41 4
19 4
19 5
19 6
19 7
19 8
19 9
21 4 46 1
31 0
END_STATE
END_LABELED_STATE
BEGIN_LABELED_STATE
4
BEGIN_STATE
7 5 25
7 7 34
7 8 19
7 9 16
7 4 34
7 6 30
26 29
26 18
26 20
14 4 34
26 21
26 22
26 17
26 25
26 28
26 23
26 33
25 28
25 29
25 25
25 30
25 31
15 6 34
25 35
25 19
25 16
25 26
25 27
25 33
25 24
13 14
13 13
13 12
13 15
13 10
13 11
21 6 46 1
21 6 46 3
17 37 6
17 41 4
19 4
19 5
19 6
19 7
19 8
19 9
21 4 46 1
31 0
END_STATE
END_LABELED_STATE
BEGIN_LABELED_STATE
3
BEGIN_STATE
7 5 25
7 7 34
7 8 19
7 9 16
7 4 34
7 6 30
26 29
26 18
26 20
14 4 34
26 21
26 22
26 17
26 25
26 28
26 23
26 33
25 28
25 29
25 25
15 6 30
25 31
15 6 34
25 35
25 19
25 16
25 26
25 27
25 33
25 24
13 14
13 13
16 12
13 15
13 10
13 11
21 6 46 1
21 6 46 3
17 37 6
17 41 4
19 4
19 5
19 6
19 7
19 8
19 9
21 4 46 1
31 0
END_STATE
END_LABELED_STATE
BEGIN_LABELED_STATE
2
BEGIN_STATE
7 5 25
7 7 34
7 8 19
7 9 16
7 4 34
7 6 25
26 29
26 18
26 20
14 4 34
26 21
26 22
26 17
26 25
26 28
26 23
26 33
25 28
25 29
25 25
15 6 30
25 31
15 6 34
25 35
25 19
25 16
25 26
25 27
25 33
25 24
13 14
13 13
16 12
13 15
13 10
13 11
21 6 46 1
21 6 46 3
17 37 6
17 41 4
19 4
19 5
19 6
19 7
19 8
19 9
21 4 46 1
31 0
END_STATE
END_LABELED_STATE
BEGIN_LABELED_STATE
1
BEGIN_STATE
7 5 25
7 7 34
7 8 19
7 9 16
7 4 34
7 6 35
26 29
26 18
26 20
14 4 34
26 21
26 22
26 17
26 25
26 28
26 23
26 33
25 28
25 29
25 25
15 6 30
25 31
15 6 34
25 35
25 19
25 16
25 26
25 27
25 33
25 24
13 14
13 13
16 12
13 15
13 10
13 11
21 6 46 1
21 6 46 3
17 37 6
17 41 4
19 4
19 5
19 6
19 7
19 8
19 9
21 4 46 1
31 0
END_STATE
END_LABELED_STATE
BEGIN_LABELED_STATE
0
BEGIN_STATE
7 5 25
7 7 34
7 8 19
7 9 16
7 4 34
7 6 35
26 29
26 18
26 20
14 4 34
26 21
26 22
26 17
26 25
26 28
26 23
26 33
25 28
25 29
25 25
15 6 30
25 31
15 6 34
25 35
25 19
25 16
25 26
25 27
25 33
25 24
13 14
13 13
16 12
13 15
13 10
13 11
21 6 46 1
21 6 46 3
17 37 6
17 41 4
19 4
19 5
19 6
19 7
19 8
19 9
21 4 46 1
31 0
22 30
END_STATE
END_LABELED_STATE
BEGIN_LABELED_STATE
6
BEGIN_STATE
7 5 25
7 7 34
7 8 19
7 9 16
7 4 34
7 6 34
26 29
26 18
26 20
14 4 34
26 21
26 22
26 17
26 25
26 28
26 23
26 33
25 28
25 29
25 25
25 30
25 31
15 6 34
25 35
25 19
25 16
25 26
25 27
25 33
25 24
13 14
13 13
13 12
13 15
13 10
13 11
21 6 46 1
21 6 46 3
17 37 6
17 41 4
19 4
19 5
19 6
19 7
19 8
19 9
21 4 46 1
31 0
END_STATE
END_LABELED_STATE
BEGIN_LABELED_STATE
5
BEGIN_STATE
7 5 25
7 7 34
7 8 19
7 9 16
7 4 18
7 6 34
26 29
26 18
26 20
14 4 34
26 21
26 22
26 17
26 25
26 28
26 23
26 33
25 28
25 29
25 25
25 30
25 31
15 6 34
25 35
25 19
25 16
25 26
25 27
25 33
25 24
13 14
13 13
13 12
13 15
13 10
13 11
21 6 46 1
21 6 46 3
17 37 6
17 41 4
19 4
19 5
19 6
19 7
19 8
19 9
21 4 46 1
31 0
END_STATE
END_LABELED_STATE
BEGIN_LABELED_STATE
4
BEGIN_STATE
7 5 25
7 7 34
7 8 19
7 9 16
7 4 30
7 6 34
26 29
26 18
26 20
14 4 34
26 21
26 22
26 17
26 25
26 28
26 23
26 33
25 28
25 29
25 25
25 30
25 31
15 6 34
25 35
25 19
25 16
25 26
25 27
25 33
25 24
13 14
13 13
13 12
13 15
13 10
13 11
21 6 46 1
21 6 46 3
17 37 6
17 41 4
19 4
19 5
19 6
19 7
19 8
19 9
21 4 46 1
31 0
END_STATE
END_LABELED_STATE
BEGIN_LABELED_STATE
3
BEGIN_STATE
7 5 25
7 7 34
7 8 19
7 9 16
7 4 30
7 6 34
26 29
26 18
26 20
14 4 34
26 21
26 22
26 17
26 25
26 28
26 23
26 33
25 28
25 29
25 25
15 4 30
25 31
15 6 34
25 35
25 19
25 16
25 26
25 27
25 33
25 24
13 14
13 13
13 12
13 15
16 10
13 11
21 6 46 1
21 6 46 3
17 37 6
17 41 4
19 4
19 5
19 6
19 7
19 8
19 9
21 4 46 1
31 0
END_STATE
END_LABELED_STATE
BEGIN_LABELED_STATE
2
BEGIN_STATE
7 5 25
7 7 34
7 8 19
7 9 16
7 4 18
7 6 34
26 29
26 18
26 20
14 4 34
26 21
26 22
26 17
26 25
26 28
26 23
26 33
25 28
25 29
25 25
15 4 30
25 31
15 6 34
25 35
25 19
25 16
25 26
25 27
25 33
25 24
13 14
13 13
13 12
13 15
16 10
13 11
21 6 46 1
21 6 46 3
17 37 6
17 41 4
19 4
19 5
19 6
19 7
19 8
19 9
21 4 46 1
31 0
END_STATE
END_LABELED_STATE
BEGIN_LABELED_STATE
1
BEGIN_STATE
7 5 25
7 7 34
7 8 19
7 9 16
7 4 16
7 6 34
26 29
26 18
26 20
14 4 34
26 21
26 22
26 17
26 25
26 28
26 23
26 33
25 28
25 29
25 25
15 4 30
25 31
15 6 34
25 35
25 19
25 16
25 26
25 27
25 33
25 24
13 14
13 13
13 12
13 15
16 10
13 11
21 6 46 1
21 6 46 3
17 37 6
17 41 4
19 4
19 5
19 6
19 7
19 8
19 9
21 4 46 1
31 0
END_STATE
END_LABELED_STATE
BEGIN_LABELED_STATE
0
BEGIN_STATE
7 5 25
7 7 34
7 8 19
7 9 16
7 4 16
7 6 34
26 29
26 18
26 20
14 4 34
26 21
26 22
26 17
26 25
26 28
26 23
26 33
25 28
25 29
25 25
15 4 30
25 31
15 6 34
25 35
25 19
25 16
25 26
25 27
25 33
25 24
13 14
13 13
13 12
13 15
16 10
13 11
21 6 46 1
21 6 46 3
17 37 6
17 41 4
19 4
19 5
19 6
19 7
19 8
19 9
21 4 46 1
31 0
22 30
END_STATE
END_LABELED_STATE
BEGIN_LABELED_STATE
5
BEGIN_STATE
7 5 25
7 7 34
7 8 19
7 9 16
7 4 18
7 6 16
26 29
26 18
26 20
14 4 34
26 21
26 22
26 17
26 25
26 28
26 23
26 33
25 28
25 29
25 25
25 30
25 31
15 6 34
25 35
25 19
25 16
25 26
25 27
25 33
25 24
13 14
13 13
13 12
13 15
13 10
13 11
21 6 46 1
21 6 46 3
17 37 6
17 41 4
19 4
19 5
19 6
19 7
19 8
19 9
21 4 46 1
31 0
END_STATE
END_LABELED_STATE
BEGIN_LABELED_STATE
4
BEGIN_STATE
7 5 25
7 7 34
7 8 19
7 9 16
7 4 30
7 6 16
26 29
26 18
26 20
14 4 34
26 21
26 22
26 17
26 25
26 28
26 23
26 33
25 28
25 29
25 25
25 30
25 31
15 6 34
25 35
25 19
25 16
25 26
25 27
25 33
25 24
13 14
13 13
13 12
13 15
13 10
13 11
21 6 46 1
21 6 46 3
17 37 6
17 41 4
19 4
19 5
19 6
19 7
19 8
19 9
21 4 46 1
31 0
END_STATE
END_LABELED_STATE
BEGIN_LABELED_STATE
3
BEGIN_STATE
7 5 25
7 7 34
7 8 19
7 9 16
7 4 30
7 6 16
26 29
26 18
26 20
14 4 34
26 21
26 22
26 17
26 25
26 28
26 23
26 33
25 28
25 29
25 25
15 4 30
25 31
15 6 34
25 35
25 19
25 16
25 26
25 27
25 33
25 24
13 14
13 13
13 12
13 15
16 10
13 11
21 6 46 1
21 6 46 3
17 37 6
17 41 4
19 4
19 5
19 6
19 7
19 8
19 9
21 4 46 1
31 0
END_STATE
END_LABELED_STATE
BEGIN_LABELED_STATE
2
BEGIN_STATE
7 5 25
7 7 34
7 8 19
7 9 16
7 4 18
7 6 16
26 29
26 18
26 20
14 4 34
26 21
26 22
26 17
26 25
26 28
26 23
26 33
25 28
25 29
25 25
15 4 30
25 31
15 6 34
25 35
25 19
25 16
25 26
25 27
25 33
25 24
13 14
13 13
13 12
13 15
16 10
13 11
21 6 46 1
21 6 46 3
17 37 6
17 41 4
19 4
19 5
19 6
19 7
19 8
19 9
21 4 46 1
31 0
END_STATE
END_LABELED_STATE
BEGIN_LABELED_STATE
1
BEGIN_STATE
7 5 25
7 7 34
7 8 19
7 9 16
7 4 16
7 6 16
26 29
26 18
26 20
14 4 34
26 21
26 22
26 17
26 25
26 28
26 23
26 33
25 28
25 29
25 25
15 4 30
25 31
15 6 34
25 35
25 19
25 16
25 26
25 27
25 33
25 24
13 14
13 13
13 12
13 15
16 10
13 11
21 6 46 1
21 6 46 3
17 37 6
17 41 4
19 4
19 5
19 6
19 7
19 8
19 9
21 4 46 1
31 0
END_STATE
END_LABELED_STATE
BEGIN_LABELED_STATE
0
BEGIN_STATE
7 5 25
7 7 34
7 8 19
7 9 16
7 4 16
7 6 16
26 29
26 18
26 20
14 4 34
26 21
26 22
26 17
26 25
26 28
26 23
26 33
25 28
25 29
25 25
15 4 30
25 31
15 6 34
25 35
25 19
25 16
25 26
25 27
25 33
25 24
13 14
13 13
13 12
13 15
16 10
13 11
21 6 46 1
21 6 46 3
17 37 6
17 41 4
19 4
19 5
19 6
19 7
19 8
19 9
21 4 46 1
31 0
22 30
END_STATE
END_LABELED_STATE
BEGIN_LABELED_STATE
5
BEGIN_STATE
7 5 25
7 7 34
7 8 19
7 9 16
7 4 18
7 6 33
26 29
26 18
26 20
14 4 34
26 21
26 22
26 17
26 25
26 28
26 23
26 33
25 28
25 29
25 25
25 30
25 31
15 6 34
25 35
25 19
25 16
25 26
25 27
25 33
25 24
13 14
13 13
13 12
13 15
13 10
13 11
21 6 46 1
21 6 46 3
17 37 6
17 41 4
19 4
19 5
19 6
19 7
19 8
19 9
21 4 46 1
31 0
END_STATE
END_LABELED_STATE
BEGIN_LABELED_STATE
4
BEGIN_STATE
7 5 25
7 7 34
7 8 19
7 9 16
7 4 30
7 6 33
26 29
26 18
26 20
14 4 34
26 21
26 22
26 17
26 25
26 28
26 23
26 33
25 28
25 29
25 25
25 30
25 31
15 6 34
25 35
25 19
25 16
25 26
25 27
25 33
25 24
13 14
13 13
13 12
13 15
13 10
13 11
21 6 46 1
21 6 46 3
17 37 6
17 41 4
19 4
19 5
19 6
19 7
19 8
19 9
21 4 46 1
31 0
END_STATE
END_LABELED_STATE
BEGIN_LABELED_STATE
3
BEGIN_STATE
7 5 25
7 7 34
7 8 19
7 9 16
7 4 30
7 6 33
26 29
26 18
26 20
14 4 34
26 21
26 22
26 17
26 25
26 28
26 23
26 33
25 28
25 29
25 25
15 4 30
25 31
15 6 34
25 35
25 19
25 16
25 26
25 27
25 33
25 24
13 14
13 13
13 12
13 15
16 10
13 11
21 6 46 1
21 6 46 3
17 37 6
17 41 4
19 4
19 5
19 6
19 7
19 8
19 9
21 4 46 1
31 0
END_STATE
END_LABELED_STATE
BEGIN_LABELED_STATE
2
BEGIN_STATE
7 5 25
7 7 34
7 8 19
7 9 16
7 4 18
7 6 33
26 29
26 18
26 20
14 4 34
26 21
26 22
26 17
26 25
26 28
26 23
26 33
25 28
25 29
25 25
15 4 30
25 31
15 6 34
25 35
25 19
25 16
25 26
25 27
25 33
25 24
13 14
13 13
13 12
13 15
16 10
13 11
21 6 46 1
21 6 46 3
17 37 6
17 41 4
19 4
19 5
19 6
19 7
19 8
19 9
21 4 46 1
31 0
END_STATE
END_LABELED_STATE
BEGIN_LABELED_STATE
1
BEGIN_STATE
7 5 25
7 7 34
7 8 19
7 9 16
7 4 16
7 6 33
26 29
26 18
26 20
14 4 34
26 21
26 22
26 17
26 25
26 28
26 23
26 33
25 28
25 29
25 25
15 4 30
25 31
15 6 34
25 35
25 19
25 16
25 26
25 27
25 33
25 24
13 14
13 13
13 12
13 15
16 10
13 11
21 6 46 1
21 6 46 3
17 37 6
17 41 4
19 4
19 5
19 6
19 7
19 8
19 9
21 4 46 1
31 0
END_STATE
END_LABELED_STATE
BEGIN_LABELED_STATE
0
BEGIN_STATE
7 5 25
7 7 34
7 8 19
7 9 16
7 4 16
7 6 33
26 29
26 18
26 20
14 4 34
26 21
26 22
26 17
26 25
26 28
26 23
26 33
25 28
25 29
25 25
15 4 30
25 31
15 6 34
25 35
25 19
25 16
25 26
25 27
25 33
25 24
13 14
13 13
13 12
13 15
16 10
13 11
21 6 46 1
21 6 46 3
17 37 6
17 41 4
19 4
19 5
19 6
19 7
19 8
19 9
21 4 46 1
31 0
22 30
END_STATE
END_LABELED_STATE
BEGIN_LABELED_STATE
5
BEGIN_STATE
7 5 25
7 7 34
7 8 19
7 9 16
7 4 18
7 6 33
26 29
26 18
26 20
14 4 34
26 21
26 22
26 17
26 25
26 28
26 23
26 33
25 28
25 29
25 25
25 30
25 31
15 6 34
25 35
25 19
25 16
25 26
25 27
25 33
25 24
13 14
13 13
13 12
13 15
13 10
13 11
21 6 46 1
21 6 46 3
17 41 4
19 4
19 5
19 6
19 7
19 8
19 9
21 4 46 1
31 0
END_STATE
END_LABELED_STATE
BEGIN_LABELED_STATE
4
BEGIN_STATE
7 5 25
7 7 34
7 8 19
7 9 16
7 4 30
7 6 33
26 29
26 18
26 20
14 4 34
26 21
26 22
26 17
26 25
26 28
26 23
26 33
25 28
25 29
25 25
25 30
25 31
15 6 34
25 35
25 19
25 16
25 26
25 27
25 33
25 24
13 14
13 13
13 12
13 15
13 10
13 11
21 6 46 1
21 6 46 3
17 41 4
19 4
19 5
19 6
19 7
19 8
19 9
21 4 46 1
31 0
END_STATE
END_LABELED_STATE
BEGIN_LABELED_STATE
3
BEGIN_STATE
7 5 25
7 7 34
7 8 19
7 9 16
7 4 30
7 6 33
26 29
26 18
26 20
14 4 34
26 21
26 22
26 17
26 25
26 28
26 23
26 33
25 28
25 29
25 25
15 4 30
25 31
15 6 34
25 35
25 19
25 16
25 26
25 27
25 33
25 24
13 14
13 13
13 12
13 15
16 10
13 11
21 6 46 1
21 6 46 3
17 41 4
19 4
19 5
19 6
19 7
19 8
19 9
21 4 46 1
31 0
END_STATE
END_LABELED_STATE
BEGIN_LABELED_STATE
2
BEGIN_STATE
7 5 25
7 7 34
7 8 19
7 9 16
7 4 18
7 6 33
26 29
26 18
26 20
14 4 34
26 21
26 22
26 17
26 25
26 28
26 23
26 33
25 28
25 29
25 25
15 4 30
25 31
15 6 34
25 35
25 19
25 16
25 26
25 27
25 33
25 24
13 14
13 13
13 12
13 15
16 10
13 11
21 6 46 1
21 6 46 3
17 41 4
19 4
19 5
19 6
19 7
19 8
19 9
21 4 46 1
31 0
END_STATE
END_LABELED_STATE
BEGIN_LABELED_STATE
1
BEGIN_STATE
7 5 25
7 7 34
7 8 19
7 9 16
7 4 16
7 6 33
26 29
26 18
26 20
14 4 34
26 21
26 22
26 17
26 25
26 28
26 23
26 33
25 28
25 29
25 25
15 4 30
25 31
15 6 34
25 35
25 19
25 16
25 26
25 27
25 33
25 24
13 14
13 13
13 12
13 15
16 10
13 11
21 6 46 1
21 6 46 3
17 41 4
19 4
19 5
19 6
19 7
19 8
19 9
21 4 46 1
31 0
END_STATE
END_LABELED_STATE
BEGIN_LABELED_STATE
0
BEGIN_STATE
7 5 25
7 7 34
7 8 19
7 9 16
7 4 16
7 6 33
26 29
26 18
26 20
14 4 34
26 21
26 22
26 17
26 25
26 28
26 23
26 33
25 28
25 29
25 25
15 4 30
25 31
15 6 34
25 35
25 19
25 16
25 26
25 27
25 33
25 24
13 14
13 13
13 12
13 15
16 10
13 11
21 6 46 1
21 6 46 3
17 41 4
19 4
19 5
19 6
19 7
19 8
19 9
21 4 46 1
31 0
22 30
END_STATE
END_LABELED_STATE
BEGIN_LABELED_STATE
5
BEGIN_STATE
7 5 25
7 7 34
7 8 19
7 9 16
7 4 18
7 6 16
26 29
26 18
26 20
14 4 34
26 21
26 22
26 17
26 25
26 28
26 23
26 33
25 28
25 29
25 25
25 30
25 31
15 6 34
25 35
25 19
25 16
25 26
25 27
25 33
25 24
13 14
13 13
13 12
13 15
13 10
13 11
21 6 46 1
21 6 46 3
17 41 4
19 4
19 5
19 6
19 7
19 8
19 9
21 4 46 1
31 0
END_STATE
END_LABELED_STATE
BEGIN_LABELED_STATE
4
BEGIN_STATE
7 5 25
7 7 34
7 8 19
7 9 16
7 4 30
7 6 16
26 29
26 18
26 20
14 4 34
26 21
26 22
26 17
26 25
26 28
26 23
26 33
25 28
25 29
25 25
25 30
25 31
15 6 34
25 35
25 19
25 16
25 26
25 27
25 33
25 24
13 14
13 13
13 12
13 15
13 10
13 11
21 6 46 1
21 6 46 3
17 41 4
19 4
19 5
19 6
19 7
19 8
19 9
21 4 46 1
31 0
END_STATE
END_LABELED_STATE
BEGIN_LABELED_STATE
3
BEGIN_STATE
7 5 25
7 7 34
7 8 19
7 9 16
7 4 30
7 6 16
26 29
26 18
26 20
14 4 34
26 21
26 22
26 17
26 25
26 28
26 23
26 33
25 28
25 29
25 25
15 4 30
25 31
15 6 34
25 35
25 19
25 16
25 26
25 27
25 33
25 24
13 14
13 13
13 12
13 15
16 10
13 11
21 6 46 1
21 6 46 3
17 41 4
19 4
19 5
19 6
19 7
19 8
19 9
21 4 46 1
31 0
END_STATE
END_LABELED_STATE
BEGIN_LABELED_STATE
2
BEGIN_STATE
7 5 25
7 7 34
7 8 19
7 9 16
7 4 18
7 6 16
26 29
26 18
26 20
14 4 34
26 21
26 22
26 17
26 25
26 28
26 23
26 33
25 28
25 29
25 25
15 4 30
25 31
15 6 34
25 35
25 19
25 16
25 26
25 27
25 33
25 24
13 14
13 13
13 12
13 15
16 10
13 11
21 6 46 1
21 6 46 3
17 41 4
19 4
19 5
19 6
19 7
19 8
19 9
21 4 46 1
31 0
END_STATE
END_LABELED_STATE
BEGIN_LABELED_STATE
1
BEGIN_STATE
7 5 25
7 7 34
7 8 19
7 9 16
7 4 16
7 6 16
26 29
26 18
26 20
14 4 34
26 21
26 22
26 17
26 25
26 28
26 23
26 33
25 28
25 29
25 25
15 4 30
25 31
15 6 34
25 35
25 19
25 16
25 26
25 27
25 33
25 24
13 14
13 13
13 12
13 15
16 10
13 11
21 6 46 1
21 6 46 3
17 41 4
19 4
19 5
19 6
19 7
19 8
19 9
21 4 46 1
31 0
END_STATE
END_LABELED_STATE
BEGIN_LABELED_STATE
0
BEGIN_STATE
7 5 25
7 7 34
7 8 19
7 9 16
7 4 16
7 6 16
26 29
26 18
26 20
14 4 34
26 21
26 22
26 17
26 25
26 28
26 23
26 33
25 28
25 29
25 25
15 4 30
25 31
15 6 34
25 35
25 19
25 16
25 26
25 27
25 33
25 24
13 14
13 13
13 12
13 15
16 10
13 11
21 6 46 1
21 6 46 3
17 41 4
19 4
19 5
19 6
19 7
19 8
19 9
21 4 46 1
31 0
22 30
END_STATE
END_LABELED_STATE
BEGIN_LABELED_STATE
4
BEGIN_STATE
7 5 25
7 7 34
7 8 19
7 9 16
7 4 30
7 6 34
26 29
26 18
26 20
14 4 34
26 21
26 22
26 17
26 25
26 28
26 23
26 33
25 28
25 29
25 25
25 30
25 31
15 6 34
25 35
25 19
25 16
25 26
25 27
25 33
25 24
13 14
13 13
13 12
13 15
13 10
13 11
21 6 46 1
21 6 46 3
17 37 6
19 4
19 5
19 6
19 7
19 8
19 9
21 4 46 1
21 4 47 1
31 0
END_STATE
END_LABELED_STATE
BEGIN_LABELED_STATE
3
BEGIN_STATE
7 5 25
7 7 34
7 8 19
7 9 16
7 4 30
7 6 34
26 29
26 18
26 20
14 4 34
26 21
26 22
26 17
26 25
26 28
26 23
26 33
25 28
25 29
25 25
15 4 30
25 31
15 6 34
25 35
25 19
25 16
25 26
25 27
25 33
25 24
13 14
13 13
13 12
13 15
16 10
13 11
21 6 46 1
21 6 46 3
17 37 6
19 4
19 5
19 6
19 7
19 8
19 9
21 4 46 1
21 4 47 1
31 0
END_STATE
END_LABELED_STATE
BEGIN_LABELED_STATE
2
BEGIN_STATE
7 5 25
7 7 34
7 8 19
7 9 16
7 4 18
7 6 34
26 29
26 18
26 20
14 4 34
26 21
26 22
26 17
26 25
26 28
26 23
26 33
25 28
25 29
25 25
15 4 30
25 31
15 6 34
25 35
25 19
25 16
25 26
25 27
25 33
25 24
13 14
13 13
13 12
13 15
16 10
13 11
21 6 46 1
21 6 46 3
17 37 6
19 4
19 5
19 6
19 7
19 8
19 9
21 4 46 1
21 4 47 1
31 0
END_STATE
END_LABELED_STATE
BEGIN_LABELED_STATE
1
BEGIN_STATE
7 5 25
7 7 34
7 8 19
7 9 16
7 4 16
7 6 34
26 29
26 18
26 20
14 4 34
26 21
26 22
26 17
26 25
26 28
26 23
26 33
25 28
25 29
25 25
15 4 30
25 31
15 6 34
25 35
25 19
25 16
25 26
25 27
25 33
25 24
13 14
13 13
13 12
13 15
16 10
13 11
21 6 46 1
21 6 46 3
17 37 6
19 4
19 5
19 6
19 7
19 8
19 9
21 4 46 1
21 4 47 1
31 0
END_STATE
END_LABELED_STATE
BEGIN_LABELED_STATE
0
BEGIN_STATE
7 5 25
7 7 34
7 8 19
7 9 16
7 4 16
7 6 34
26 29
26 18
26 20
14 4 34
26 21
26 22
26 17
26 25
26 28
26 23
26 33
25 28
25 29
25 25
15 4 30
25 31
15 6 34
25 35
25 19
25 16
25 26
25 27
25 33
25 24
13 14
13 13
13 12
13 15
16 10
13 11
21 6 46 1
21 6 46 3
17 37 6
19 4
19 5
19 6
19 7
19 8
19 9
21 4 46 1
21 4 47 1
31 0
22 30
END_STATE
END_LABELED_STATE
BEGIN_LABELED_STATE
4
BEGIN_STATE
7 5 25
7 7 34
7 8 19
7 9 16
7 4 30
7 6 16
26 29
26 18
26 20
14 4 34
26 21
26 22
26 17
26 25
26 28
26 23
26 33
25 28
25 29
25 25
25 30
25 31
15 6 34
25 35
25 19
25 16
25 26
25 27
25 33
25 24
13 14
13 13
13 12
13 15
13 10
13 11
21 6 46 1
21 6 46 3
17 37 6
19 4
19 5
19 6
19 7
19 8
19 9
21 4 46 1
21 4 47 1
31 0
END_STATE
END_LABELED_STATE
BEGIN_LABELED_STATE
3
BEGIN_STATE
7 5 25
7 7 34
7 8 19
7 9 16
7 4 30
7 6 16
26 29
26 18
26 20
14 4 34
26 21
26 22
26 17
26 25
26 28
26 23
26 33
25 28
25 29
25 25
15 4 30
25 31
15 6 34
25 35
25 19
25 16
25 26
25 27
25 33
25 24
13 14
13 13
13 12
13 15
16 10
13 11
21 6 46 1
21 6 46 3
17 37 6
19 4
19 5
19 6
19 7
19 8
19 9
21 4 46 1
21 4 47 1
31 0
END_STATE
END_LABELED_STATE
BEGIN_LABELED_STATE
2
BEGIN_STATE
7 5 25
7 7 34
7 8 19
7 9 16
7 4 18
7 6 16
26 29
26 18
26 20
14 4 34
26 21
26 22
26 17
26 25
26 28
26 23
26 33
25 28
25 29
25 25
15 4 30
25 31
15 6 34
25 35
25 19
25 16
25 26
25 27
25 33
25 24
13 14
13 13
13 12
13 15
16 10
13 11
21 6 46 1
21 6 46 3
17 37 6
19 4
19 5
19 6
19 7
19 8
19 9
21 4 46 1
21 4 47 1
31 0
END_STATE
END_LABELED_STATE
BEGIN_LABELED_STATE
1
BEGIN_STATE
7 5 25
7 7 34
7 8 19
7 9 16
7 4 16
7 6 16
26 29
26 18
26 20
14 4 34
26 21
26 22
26 17
26 25
26 28
26 23
26 33
25 28
25 29
25 25
15 4 30
25 31
15 6 34
25 35
25 19
25 16
25 26
25 27
25 33
25 24
13 14
13 13
13 12
13 15
16 10
13 11
21 6 46 1
21 6 46 3
17 37 6
19 4
19 5
19 6
19 7
19 8
19 9
21 4 46 1
21 4 47 1
31 0
END_STATE
END_LABELED_STATE
BEGIN_LABELED_STATE
0
BEGIN_STATE
7 5 25
7 7 34
7 8 19
7 9 16
7 4 16
7 6 16
26 29
26 18
26 20
14 4 34
26 21
26 22
26 17
26 25
26 28
26 23
26 33
25 28
25 29
25 25
15 4 30
25 31
15 6 34
25 35
25 19
25 16
25 26
25 27
25 33
25 24
13 14
13 13
13 12
13 15
16 10
13 11
21 6 46 1
21 6 46 3
17 37 6
19 4
19 5
19 6
19 7
19 8
19 9
21 4 46 1
21 4 47 1
31 0
22 30
END_STATE
END_LABELED_STATE
BEGIN_LABELED_STATE
4
BEGIN_STATE
7 5 25
7 7 34
7 8 19
7 9 16
7 4 30
7 6 33
26 29
26 18
26 20
14 4 34
26 21
26 22
26 17
26 25
26 28
26 23
26 33
25 28
25 29
25 25
25 30
25 31
15 6 34
25 35
25 19
25 16
25 26
25 27
25 33
25 24
13 14
13 13
13 12
13 15
13 10
13 11
21 6 46 1
21 6 46 3
17 37 6
19 4
19 5
19 6
19 7
19 8
19 9
21 4 46 1
21 4 47 1
31 0
END_STATE
END_LABELED_STATE
BEGIN_LABELED_STATE
3
BEGIN_STATE
7 5 25
7 7 34
7 8 19
7 9 16
7 4 30
7 6 33
26 29
26 18
26 20
14 4 34
26 21
26 22
26 17
26 25
26 28
26 23
26 33
25 28
25 29
25 25
15 4 30
25 31
15 6 34
25 35
25 19
25 16
25 26
25 27
25 33
25 24
13 14
13 13
13 12
13 15
16 10
13 11
21 6 46 1
21 6 46 3
17 37 6
19 4
19 5
19 6
19 7
19 8
19 9
21 4 46 1
21 4 47 1
31 0
END_STATE
END_LABELED_STATE
BEGIN_LABELED_STATE
2
BEGIN_STATE
7 5 25
7 7 34
7 8 19
7 9 16
7 4 18
7 6 33
26 29
26 18
26 20
14 4 34
26 21
26 22
26 17
26 25
26 28
26 23
26 33
25 28
25 29
25 25
15 4 30
25 31
15 6 34
25 35
25 19
25 16
25 26
25 27
25 33
25 24
13 14
13 13
13 12
13 15
16 10
13 11
21 6 46 1
21 6 46 3
17 37 6
19 4
19 5
19 6
19 7
19 8
19 9
21 4 46 1
21 4 47 1
31 0
END_STATE
END_LABELED_STATE
BEGIN_LABELED_STATE
1
BEGIN_STATE
7 5 25
7 7 34
7 8 19
7 9 16
7 4 16
7 6 33
26 29
26 18
26 20
14 4 34
26 21
26 22
26 17
26 25
26 28
26 23
26 33
25 28
25 29
25 25
15 4 30
25 31
15 6 34
25 35
25 19
25 16
25 26
25 27
25 33
25 24
13 14
13 13
13 12
13 15
16 10
13 11
21 6 46 1
21 6 46 3
17 37 6
19 4
19 5
19 6
19 7
19 8
19 9
21 4 46 1
21 4 47 1
31 0
END_STATE
END_LABELED_STATE
BEGIN_LABELED_STATE
0
BEGIN_STATE
7 5 25
7 7 34
7 8 19
7 9 16
7 4 16
7 6 33
26 29
26 18
26 20
14 4 34
26 21
26 22
26 17
26 25
26 28
26 23
26 33
25 28
25 29
25 25
15 4 30
25 31
15 6 34
25 35
25 19
25 16
25 26
25 27
25 33
25 24
13 14
13 13
13 12
13 15
16 10
13 11
21 6 46 1
21 6 46 3
17 37 6
19 4
19 5
19 6
19 7
19 8
19 9
21 4 46 1
21 4 47 1
31 0
22 30
END_STATE
END_LABELED_STATE
BEGIN_LABELED_STATE
4
BEGIN_STATE
7 5 25
7 7 34
7 8 19
7 9 16
7 4 30
7 6 33
26 29
26 18
26 20
14 4 34
26 21
26 22
26 17
26 25
26 28
26 23
26 33
25 28
25 29
25 25
25 30
25 31
15 6 34
25 35
25 19
25 16
25 26
25 27
25 33
25 24
13 14
13 13
13 12
13 15
13 10
13 11
21 6 46 1
21 6 46 3
19 4
19 5
19 6
19 7
19 8
19 9
21 4 46 1
21 4 47 1
31 0
END_STATE
END_LABELED_STATE
BEGIN_LABELED_STATE
3
BEGIN_STATE
7 5 25
7 7 34
7 8 19
7 9 16
7 4 30
7 6 33
26 29
26 18
26 20
14 4 34
26 21
26 22
26 17
26 25
26 28
26 23
26 33
25 28
25 29
25 25
15 4 30
25 31
15 6 34
25 35
25 19
25 16
25 26
25 27
25 33
25 24
13 14
13 13
13 12
13 15
16 10
13 11
21 6 46 1
21 6 46 3
19 4
19 5
19 6
19 7
19 8
19 9
21 4 46 1
21 4 47 1
31 0
END_STATE
END_LABELED_STATE
BEGIN_LABELED_STATE
2
BEGIN_STATE
7 5 25
7 7 34
7 8 19
7 9 16
7 4 18
7 6 33
26 29
26 18
26 20
14 4 34
26 21
26 22
26 17
26 25
26 28
26 23
26 33
25 28
25 29
25 25
15 4 30
25 31
15 6 34
25 35
25 19
25 16
25 26
25 27
25 33
25 24
13 14
13 13
13 12
13 15
16 10
13 11
21 6 46 1
21 6 46 3
19 4
19 5
19 6
19 7
19 8
19 9
21 4 46 1
21 4 47 1
31 0
END_STATE
END_LABELED_STATE
BEGIN_LABELED_STATE
1
BEGIN_STATE
7 5 25
7 7 34
7 8 19
7 9 16
7 4 16
7 6 33
26 29
26 18
26 20
14 4 34
26 21
26 22
26 17
26 25
26 28
26 23
26 33
25 28
25 29
25 25
15 4 30
25 31
15 6 34
25 35
25 19
25 16
25 26
25 27
25 33
25 24
13 14
13 13
13 12
13 15
16 10
13 11
21 6 46 1
21 6 46 3
19 4
19 5
19 6
19 7
19 8
19 9
21 4 46 1
21 4 47 1
31 0
END_STATE
END_LABELED_STATE
BEGIN_LABELED_STATE
0
BEGIN_STATE
7 5 25
7 7 34
7 8 19
7 9 16
7 4 16
7 6 33
26 29
26 18
26 20
14 4 34
26 21
26 22
26 17
26 25
26 28
26 23
26 33
25 28
25 29
25 25
15 4 30
25 31
15 6 34
25 35
25 19
25 16
25 26
25 27
25 33
25 24
13 14
13 13
13 12
13 15
16 10
13 11
21 6 46 1
21 6 46 3
19 4
19 5
19 6
19 7
19 8
19 9
21 4 46 1
21 4 47 1
31 0
22 30
END_STATE
END_LABELED_STATE
BEGIN_LABELED_STATE
4
BEGIN_STATE
7 5 25
7 7 34
7 8 19
7 9 16
7 4 30
7 6 16
26 29
26 18
26 20
14 4 34
26 21
26 22
26 17
26 25
26 28
26 23
26 33
25 28
25 29
25 25
25 30
25 31
15 6 34
25 35
25 19
25 16
25 26
25 27
25 33
25 24
13 14
13 13
13 12
13 15
13 10
13 11
21 6 46 1
21 6 46 3
19 4
19 5
19 6
19 7
19 8
19 9
21 4 46 1
21 4 47 1
31 0
END_STATE
END_LABELED_STATE
BEGIN_LABELED_STATE
3
BEGIN_STATE
7 5 25
7 7 34
7 8 19
7 9 16
7 4 30
7 6 16
26 29
26 18
26 20
14 4 34
26 21
26 22
26 17
26 25
26 28
26 23
26 33
25 28
25 29
25 25
15 4 30
25 31
15 6 34
25 35
25 19
25 16
25 26
25 27
25 33
25 24
13 14
13 13
13 12
13 15
16 10
13 11
21 6 46 1
21 6 46 3
19 4
19 5
19 6
19 7
19 8
19 9
21 4 46 1
21 4 47 1
31 0
END_STATE
END_LABELED_STATE
BEGIN_LABELED_STATE
2
BEGIN_STATE
7 5 25
7 7 34
7 8 19
7 9 16
7 4 18
7 6 16
26 29
26 18
26 20
14 4 34
26 21
26 22
26 17
26 25
26 28
26 23
26 33
25 28
25 29
25 25
15 4 30
25 31
15 6 34
25 35
25 19
25 16
25 26
25 27
25 33
25 24
13 14
13 13
13 12
13 15
16 10
13 11
21 6 46 1
21 6 46 3
19 4
19 5
19 6
19 7
19 8
19 9
21 4 46 1
21 4 47 1
31 0
END_STATE
END_LABELED_STATE
BEGIN_LABELED_STATE
1
BEGIN_STATE
7 5 25
7 7 34
7 8 19
7 9 16
7 4 16
7 6 16
26 29
26 18
26 20
14 4 34
26 21
26 22
26 17
26 25
26 28
26 23
26 33
25 28
25 29
25 25
15 4 30
25 31
15 6 34
25 35
25 19
25 16
25 26
25 27
25 33
25 24
13 14
13 13
13 12
13 15
16 10
13 11
21 6 46 1
21 6 46 3
19 4
19 5
19 6
19 7
19 8
19 9
21 4 46 1
21 4 47 1
31 0
END_STATE
END_LABELED_STATE
BEGIN_LABELED_STATE
0
BEGIN_STATE
7 5 25
7 7 34
7 8 19
7 9 16
7 4 16
7 6 16
26 29
26 18
26 20
14 4 34
26 21
26 22
26 17
26 25
26 28
26 23
26 33
25 28
25 29
25 25
15 4 30
25 31
15 6 34
25 35
25 19
25 16
25 26
25 27
25 33
25 24
13 14
13 13
13 12
13 15
16 10
13 11
21 6 46 1
21 6 46 3
19 4
19 5
19 6
19 7
19 8
19 9
21 4 46 1
21 4 47 1
31 0
22 30
END_STATE
END_LABELED_STATE
BEGIN_LABELED_STATE
4
BEGIN_STATE
7 5 25
7 7 34
7 8 19
7 9 16
7 4 30
7 6 34
26 29
26 18
26 20
14 4 34
26 21
26 22
26 17
26 25
26 28
26 23
26 33
25 28
25 29
25 25
25 30
25 31
15 6 34
25 35
25 19
25 16
25 26
25 27
25 33
25 24
13 14
13 13
13 12
13 15
13 10
13 11
21 6 46 1
21 6 46 3
19 4
19 5
19 6
19 7
19 8
19 9
21 4 46 1
21 4 47 1
31 0
END_STATE
END_LABELED_STATE
BEGIN_LABELED_STATE
3
BEGIN_STATE
7 5 25
7 7 34
7 8 19
7 9 16
7 4 30
7 6 34
26 29
26 18
26 20
14 4 34
26 21
26 22
26 17
26 25
26 28
26 23
26 33
25 28
25 29
25 25
15 4 30
25 31
15 6 34
25 35
25 19
25 16
25 26
25 27
25 33
25 24
13 14
13 13
13 12
13 15
16 10
13 11
21 6 46 1
21 6 46 3
19 4
19 5
19 6
19 7
19 8
19 9
21 4 46 1
21 4 47 1
31 0
END_STATE
END_LABELED_STATE
BEGIN_LABELED_STATE
2
BEGIN_STATE
7 5 25
7 7 34
7 8 19
7 9 16
7 4 18
7 6 34
26 29
26 18
26 20
14 4 34
26 21
26 22
26 17
26 25
26 28
26 23
26 33
25 28
25 29
25 25
15 4 30
25 31
15 6 34
25 35
25 19
25 16
25 26
25 27
25 33
25 24
13 14
13 13
13 12
13 15
16 10
13 11
21 6 46 1
21 6 46 3
19 4
19 5
19 6
19 7
19 8
19 9
21 4 46 1
21 4 47 1
31 0
END_STATE
END_LABELED_STATE
BEGIN_LABELED_STATE
1
BEGIN_STATE
7 5 25
7 7 34
7 8 19
7 9 16
7 4 16
7 6 34
26 29
26 18
26 20
14 4 34
26 21
26 22
26 17
26 25
26 28
26 23
26 33
25 28
25 29
25 25
15 4 30
25 31
15 6 34
25 35
25 19
25 16
25 26
25 27
25 33
25 24
13 14
13 13
13 12
13 15
16 10
13 11
21 6 46 1
21 6 46 3
19 4
19 5
19 6
19 7
19 8
19 9
21 4 46 1
21 4 47 1
31 0
END_STATE
END_LABELED_STATE
BEGIN_LABELED_STATE
0
BEGIN_STATE
7 5 25
7 7 34
7 8 19
7 9 16
7 4 16
7 6 34
26 29
26 18
26 20
14 4 34
26 21
26 22
26 17
26 25
26 28
26 23
26 33
25 28
25 29
25 25
15 4 30
25 31
15 6 34
25 35
25 19
25 16
25 26
25 27
25 33
25 24
13 14
13 13
13 12
13 15
16 10
13 11
21 6 46 1
21 6 46 3
19 4
19 5
19 6
19 7
19 8
19 9
21 4 46 1
21 4 47 1
31 0
22 30
END_STATE
END_LABELED_STATE
BEGIN_LABELED_STATE
4
BEGIN_STATE
7 5 25
7 7 34
7 8 19
7 9 16
7 4 30
7 6 34
26 29
26 18
26 20
14 4 34
26 21
26 22
26 17
26 25
26 28
26 23
26 33
25 28
25 29
25 25
25 30
25 31
15 6 34
25 35
25 19
25 16
25 26
25 27
25 33
25 24
13 14
13 13
13 12
13 15
13 10
13 11
21 6 46 1
21 6 46 3
17 41 4
19 4
19 5
19 6
19 7
19 8
19 9
21 4 46 1
21 4 47 1
31 0
END_STATE
END_LABELED_STATE
BEGIN_LABELED_STATE
3
BEGIN_STATE
7 5 25
7 7 34
7 8 19
7 9 16
7 4 30
7 6 34
26 29
26 18
26 20
14 4 34
26 21
26 22
26 17
26 25
26 28
26 23
26 33
25 28
25 29
25 25
15 4 30
25 31
15 6 34
25 35
25 19
25 16
25 26
25 27
25 33
25 24
13 14
13 13
13 12
13 15
16 10
13 11
21 6 46 1
21 6 46 3
17 41 4
19 4
19 5
19 6
19 7
19 8
19 9
21 4 46 1
21 4 47 1
31 0
END_STATE
END_LABELED_STATE
BEGIN_LABELED_STATE
2
BEGIN_STATE
7 5 25
7 7 34
7 8 19
7 9 16
7 4 18
7 6 34
26 29
26 18
26 20
14 4 34
26 21
26 22
26 17
26 25
26 28
26 23
26 33
25 28
25 29
25 25
15 4 30
25 31
15 6 34
25 35
25 19
25 16
25 26
25 27
25 33
25 24
13 14
13 13
13 12
13 15
16 10
13 11
21 6 46 1
21 6 46 3
17 41 4
19 4
19 5
19 6
19 7
19 8
19 9
21 4 46 1
21 4 47 1
31 0
END_STATE
END_LABELED_STATE
BEGIN_LABELED_STATE
1
BEGIN_STATE
7 5 25
7 7 34
7 8 19
7 9 16
7 4 16
7 6 34
26 29
26 18
26 20
14 4 34
26 21
26 22
26 17
26 25
26 28
26 23
26 33
25 28
25 29
25 25
15 4 30
25 31
15 6 34
25 35
25 19
25 16
25 26
25 27
25 33
25 24
13 14
13 13
13 12
13 15
16 10
13 11
21 6 46 1
21 6 46 3
17 41 4
19 4
19 5
19 6
19 7
19 8
19 9
21 4 46 1
21 4 47 1
31 0
END_STATE
END_LABELED_STATE
BEGIN_LABELED_STATE
0
BEGIN_STATE
7 5 25
7 7 34
7 8 19
7 9 16
7 4 16
7 6 34
26 29
26 18
26 20
14 4 34
26 21
26 22
26 17
26 25
26 28
26 23
26 33
25 28
25 29
25 25
15 4 30
25 31
15 6 34
25 35
25 19
25 16
25 26
25 27
25 33
25 24
13 14
13 13
13 12
13 15
16 10
13 11
21 6 46 1
21 6 46 3
17 41 4
19 4
19 5
19 6
19 7
19 8
19 9
21 4 46 1
21 4 47 1
31 0
22 30
END_STATE
END_LABELED_STATE
BEGIN_LABELED_STATE
4
BEGIN_STATE
7 5 25
7 7 34
7 8 19
7 9 16
7 4 30
7 6 16
26 29
26 18
26 20
14 4 34
26 21
26 22
26 17
26 25
26 28
26 23
26 33
25 28
25 29
25 25
25 30
25 31
15 6 34
25 35
25 19
25 16
25 26
25 27
25 33
25 24
13 14
13 13
13 12
13 15
13 10
13 11
21 6 46 1
21 6 46 3
17 41 4
19 4
19 5
19 6
19 7
19 8
19 9
21 4 46 1
21 4 47 1
31 0
END_STATE
END_LABELED_STATE
BEGIN_LABELED_STATE
3
BEGIN_STATE
7 5 25
7 7 34
7 8 19
7 9 16
7 4 30
7 6 16
26 29
26 18
26 20
14 4 34
26 21
26 22
26 17
26 25
26 28
26 23
26 33
25 28
25 29
25 25
15 4 30
25 31
15 6 34
25 35
25 19
25 16
25 26
25 27
25 33
25 24
13 14
13 13
13 12
13 15
16 10
13 11
21 6 46 1
21 6 46 3
17 41 4
19 4
19 5
19 6
19 7
19 8
19 9
21 4 46 1
21 4 47 1
31 0
END_STATE
END_LABELED_STATE
BEGIN_LABELED_STATE
2
BEGIN_STATE
7 5 25
7 7 34
7 8 19
7 9 16
7 4 18
7 6 16
26 29
26 18
26 20
14 4 34
26 21
26 22
26 17
26 25
26 28
26 23
26 33
25 28
25 29
25 25
15 4 30
25 31
15 6 34
25 35
25 19
25 16
25 26
25 27
25 33
25 24
13 14
13 13
13 12
13 15
16 10
13 11
21 6 46 1
21 6 46 3
17 41 4
19 4
19 5
19 6
19 7
19 8
19 9
21 4 46 1
21 4 47 1
31 0
END_STATE
END_LABELED_STATE
BEGIN_LABELED_STATE
1
BEGIN_STATE
7 5 25
7 7 34
7 8 19
7 9 16
7 4 16
7 6 16
26 29
26 18
26 20
14 4 34
26 21
26 22
26 17
26 25
26 28
26 23
26 33
25 28
25 29
25 25
15 4 30
25 31
15 6 34
25 35
25 19
25 16
25 26
25 27
25 33
25 24
13 14
13 13
13 12
13 15
16 10
13 11
21 6 46 1
21 6 46 3
17 41 4
19 4
19 5
19 6
19 7
19 8
19 9
21 4 46 1
21 4 47 1
31 0
END_STATE
END_LABELED_STATE
BEGIN_LABELED_STATE
0
BEGIN_STATE
7 5 25
7 7 34
7 8 19
7 9 16
7 4 16
7 6 16
26 29
26 18
26 20
14 4 34
26 21
26 22
26 17
26 25
26 28
26 23
26 33
25 28
25 29
25 25
15 4 30
25 31
15 6 34
25 35
25 19
25 16
25 26
25 27
25 33
25 24
13 14
13 13
13 12
13 15
16 10
13 11
21 6 46 1
21 6 46 3
17 41 4
19 4
19 5
19 6
19 7
19 8
19 9
21 4 46 1
21 4 47 1
31 0
22 30
END_STATE
END_LABELED_STATE
BEGIN_LABELED_STATE
4
BEGIN_STATE
7 5 25
7 7 34
7 8 19
7 9 16
7 4 30
7 6 16
26 29
26 18
26 20
14 4 34
26 21
26 22
26 17
26 25
26 28
26 23
26 33
25 28
25 29
25 25
25 30
25 31
15 6 34
25 35
25 19
25 16
25 26
25 27
25 33
25 24
13 14
13 13
13 12
13 15
13 10
13 11
21 6 46 1
21 6 46 3
17 37 6
17 41 4
19 4
19 5
19 6
19 7
19 8
19 9
21 4 46 1
21 4 47 1
31 0
END_STATE
END_LABELED_STATE
BEGIN_LABELED_STATE
3
BEGIN_STATE
7 5 25
7 7 34
7 8 19
7 9 16
7 4 30
7 6 16
26 29
26 18
26 20
14 4 34
26 21
26 22
26 17
26 25
26 28
26 23
26 33
25 28
25 29
25 25
15 4 30
25 31
15 6 34
25 35
25 19
25 16
25 26
25 27
25 33
25 24
13 14
13 13
13 12
13 15
16 10
13 11
21 6 46 1
21 6 46 3
17 37 6
17 41 4
19 4
19 5
19 6
19 7
19 8
19 9
21 4 46 1
21 4 47 1
31 0
END_STATE
END_LABELED_STATE
BEGIN_LABELED_STATE
2
BEGIN_STATE
7 5 25
7 7 34
7 8 19
7 9 16
7 4 18
7 6 16
26 29
26 18
26 20
14 4 34
26 21
26 22
26 17
26 25
26 28
26 23
26 33
25 28
25 29
25 25
15 4 30
25 31
15 6 34
25 35
25 19
25 16
25 26
25 27
25 33
25 24
13 14
13 13
13 12
13 15
16 10
13 11
21 6 46 1
21 6 46 3
17 37 6
17 41 4
19 4
19 5
19 6
19 7
19 8
19 9
21 4 46 1
21 4 47 1
31 0
END_STATE
END_LABELED_STATE
BEGIN_LABELED_STATE
1
BEGIN_STATE
7 5 25
7 7 34
7 8 19
7 9 16
7 4 16
7 6 16
26 29
26 18
26 20
14 4 34
26 21
26 22
26 17
26 25
26 28
26 23
26 33
25 28
25 29
25 25
15 4 30
25 31
15 6 34
25 35
25 19
25 16
25 26
25 27
25 33
25 24
13 14
13 13
13 12
13 15
16 10
13 11
21 6 46 1
21 6 46 3
17 37 6
17 41 4
19 4
19 5
19 6
19 7
19 8
19 9
21 4 46 1
21 4 47 1
31 0
END_STATE
END_LABELED_STATE
BEGIN_LABELED_STATE
0
BEGIN_STATE
7 5 25
7 7 34
7 8 19
7 9 16
7 4 16
7 6 16
26 29
26 18
26 20
14 4 34
26 21
26 22
26 17
26 25
26 28
26 23
26 33
25 28
25 29
25 25
15 4 30
25 31
15 6 34
25 35
25 19
25 16
25 26
25 27
25 33
25 24
13 14
13 13
13 12
13 15
16 10
13 11
21 6 46 1
21 6 46 3
17 37 6
17 41 4
19 4
19 5
19 6
19 7
19 8
19 9
21 4 46 1
21 4 47 1
31 0
22 30
END_STATE
END_LABELED_STATE
BEGIN_LABELED_STATE
4
BEGIN_STATE
7 5 25
7 7 34
7 8 19
7 9 16
7 4 30
7 6 34
26 29
26 18
26 20
14 4 34
26 21
26 22
26 17
26 25
26 28
26 23
26 33
25 28
25 29
25 25
25 30
25 31
15 6 34
25 35
25 19
25 16
25 26
25 27
25 33
25 24
13 14
13 13
13 12
13 15
13 10
13 11
21 6 46 1
21 6 46 3
17 37 6
17 41 4
19 4
19 5
19 6
19 7
19 8
19 9
21 4 46 1
21 4 47 1
31 0
END_STATE
END_LABELED_STATE
BEGIN_LABELED_STATE
3
BEGIN_STATE
7 5 25
7 7 34
7 8 19
7 9 16
7 4 30
7 6 34
26 29
26 18
26 20
14 4 34
26 21
26 22
26 17
26 25
26 28
26 23
26 33
25 28
25 29
25 25
15 4 30
25 31
15 6 34
25 35
25 19
25 16
25 26
25 27
25 33
25 24
13 14
13 13
13 12
13 15
16 10
13 11
21 6 46 1
21 6 46 3
17 37 6
17 41 4
19 4
19 5
19 6
19 7
19 8
19 9
21 4 46 1
21 4 47 1
31 0
END_STATE
END_LABELED_STATE
BEGIN_LABELED_STATE
2
BEGIN_STATE
7 5 25
7 7 34
7 8 19
7 9 16
7 4 18
7 6 34
26 29
26 18
26 20
14 4 34
26 21
26 22
26 17
26 25
26 28
26 23
26 33
25 28
25 29
25 25
15 4 30
25 31
15 6 34
25 35
25 19
25 16
25 26
25 27
25 33
25 24
13 14
13 13
13 12
13 15
16 10
13 11
21 6 46 1
21 6 46 3
17 37 6
17 41 4
19 4
19 5
19 6
19 7
19 8
19 9
21 4 46 1
21 4 47 1
31 0
END_STATE
END_LABELED_STATE
BEGIN_LABELED_STATE
1
BEGIN_STATE
7 5 25
7 7 34
7 8 19
7 9 16
7 4 16
7 6 34
26 29
26 18
26 20
14 4 34
26 21
26 22
26 17
26 25
26 28
26 23
26 33
25 28
25 29
25 25
15 4 30
25 31
15 6 34
25 35
25 19
25 16
25 26
25 27
25 33
25 24
13 14
13 13
13 12
13 15
16 10
13 11
21 6 46 1
21 6 46 3
17 37 6
17 41 4
19 4
19 5
19 6
19 7
19 8
19 9
21 4 46 1
21 4 47 1
31 0
END_STATE
END_LABELED_STATE
BEGIN_LABELED_STATE
0
BEGIN_STATE
7 5 25
7 7 34
7 8 19
7 9 16
7 4 16
7 6 34
26 29
26 18
26 20
14 4 34
26 21
26 22
26 17
26 25
26 28
26 23
26 33
25 28
25 29
25 25
15 4 30
25 31
15 6 34
25 35
25 19
25 16
25 26
25 27
25 33
25 24
13 14
13 13
13 12
13 15
16 10
13 11
21 6 46 1
21 6 46 3
17 37 6
17 41 4
19 4
19 5
19 6
19 7
19 8
19 9
21 4 46 1
21 4 47 1
31 0
22 30
END_STATE
END_LABELED_STATE
BEGIN_LABELED_STATE
5
BEGIN_STATE
7 5 25
7 7 34
7 8 19
7 9 16
7 4 18
7 6 34
26 29
26 18
26 20
14 4 34
26 21
26 22
26 17
26 25
26 28
26 23
26 33
25 28
25 29
25 25
25 30
25 31
15 6 34
25 35
25 19
25 16
25 26
25 27
25 33
25 24
13 14
13 13
13 12
13 15
13 10
13 11
21 6 46 1
21 6 46 3
17 37 6
17 41 4
19 4
19 5
19 6
19 7
19 8
19 9
21 4 46 1
21 4 47 1
31 0
END_STATE
END_LABELED_STATE
BEGIN_LABELED_STATE
5
BEGIN_STATE
7 5 25
7 7 34
7 8 19
7 9 16
7 4 18
7 6 16
26 29
26 18
26 20
14 4 34
26 21
26 22
26 17
26 25
26 28
26 23
26 33
25 28
25 29
25 25
25 30
25 31
15 6 34
25 35
25 19
25 16
25 26
25 27
25 33
25 24
13 14
13 13
13 12
13 15
13 10
13 11
21 6 46 1
21 6 46 3
17 37 6
17 41 4
19 4
19 5
19 6
19 7
19 8
19 9
21 4 46 1
21 4 47 1
31 0
END_STATE
END_LABELED_STATE
BEGIN_LABELED_STATE
5
BEGIN_STATE
7 5 25
7 7 34
7 8 19
7 9 16
7 4 18
7 6 33
26 29
26 18
26 20
14 4 34
26 21
26 22
26 17
26 25
26 28
26 23
26 33
25 28
25 29
25 25
25 30
25 31
15 6 34
25 35
25 19
25 16
25 26
25 27
25 33
25 24
13 14
13 13
13 12
13 15
13 10
13 11
21 6 46 1
21 6 46 3
17 37 6
17 41 4
19 4
19 5
19 6
19 7
19 8
19 9
21 4 46 1
21 4 47 1
31 0
END_STATE
END_LABELED_STATE
BEGIN_LABELED_STATE
4
BEGIN_STATE
7 5 25
7 7 34
7 8 19
7 9 16
7 4 30
7 6 33
26 29
26 18
26 20
14 4 34
26 21
26 22
26 17
26 25
26 28
26 23
26 33
25 28
25 29
25 25
25 30
25 31
15 6 34
25 35
25 19
25 16
25 26
25 27
25 33
25 24
13 14
13 13
13 12
13 15
13 10
13 11
21 6 46 1
21 6 46 3
17 37 6
17 41 4
19 4
19 5
19 6
19 7
19 8
19 9
21 4 46 1
21 4 47 1
31 0
END_STATE
END_LABELED_STATE
BEGIN_LABELED_STATE
3
BEGIN_STATE
7 5 25
7 7 34
7 8 19
7 9 16
7 4 30
7 6 33
26 29
26 18
26 20
14 4 34
26 21
26 22
26 17
26 25
26 28
26 23
26 33
25 28
25 29
25 25
15 4 30
25 31
15 6 34
25 35
25 19
25 16
25 26
25 27
25 33
25 24
13 14
13 13
13 12
13 15
16 10
13 11
21 6 46 1
21 6 46 3
17 37 6
17 41 4
19 4
19 5
19 6
19 7
19 8
19 9
21 4 46 1
21 4 47 1
31 0
END_STATE
END_LABELED_STATE
BEGIN_LABELED_STATE
2
BEGIN_STATE
7 5 25
7 7 34
7 8 19
7 9 16
7 4 18
7 6 33
26 29
26 18
26 20
14 4 34
26 21
26 22
26 17
26 25
26 28
26 23
26 33
25 28
25 29
25 25
15 4 30
25 31
15 6 34
25 35
25 19
25 16
25 26
25 27
25 33
25 24
13 14
13 13
13 12
13 15
16 10
13 11
21 6 46 1
21 6 46 3
17 37 6
17 41 4
19 4
19 5
19 6
19 7
19 8
19 9
21 4 46 1
21 4 47 1
31 0
END_STATE
END_LABELED_STATE
BEGIN_LABELED_STATE
1
BEGIN_STATE
7 5 25
7 7 34
7 8 19
7 9 16
7 4 16
7 6 33
26 29
26 18
26 20
14 4 34
26 21
26 22
26 17
26 25
26 28
26 23
26 33
25 28
25 29
25 25
15 4 30
25 31
15 6 34
25 35
25 19
25 16
25 26
25 27
25 33
25 24
13 14
13 13
13 12
13 15
16 10
13 11
21 6 46 1
21 6 46 3
17 37 6
17 41 4
19 4
19 5
19 6
19 7
19 8
19 9
21 4 46 1
21 4 47 1
31 0
END_STATE
END_LABELED_STATE
BEGIN_LABELED_STATE
0
BEGIN_STATE
7 5 25
7 7 34
7 8 19
7 9 16
7 4 16
7 6 33
26 29
26 18
26 20
14 4 34
26 21
26 22
26 17
26 25
26 28
26 23
26 33
25 28
25 29
25 25
15 4 30
25 31
15 6 34
25 35
25 19
25 16
25 26
25 27
25 33
25 24
13 14
13 13
13 12
13 15
16 10
13 11
21 6 46 1
21 6 46 3
17 37 6
17 41 4
19 4
19 5
19 6
19 7
19 8
19 9
21 4 46 1
21 4 47 1
31 0
22 30
END_STATE
END_LABELED_STATE
BEGIN_LABELED_STATE
5
BEGIN_STATE
7 5 25
7 7 34
7 8 19
7 9 16
7 4 18
7 6 33
26 29
26 18
26 20
14 4 34
26 21
26 22
26 17
26 25
26 28
26 23
26 33
25 28
25 29
25 25
25 30
25 31
15 6 34
25 35
25 19
25 16
25 26
25 27
25 33
25 24
13 14
13 13
13 12
13 15
13 10
13 11
21 6 46 1
21 6 46 3
17 41 4
19 4
19 5
19 6
19 7
19 8
19 9
21 4 46 1
21 4 47 1
31 0
END_STATE
END_LABELED_STATE
BEGIN_LABELED_STATE
4
BEGIN_STATE
7 5 25
7 7 34
7 8 19
7 9 16
7 4 30
7 6 33
26 29
26 18
26 20
14 4 34
26 21
26 22
26 17
26 25
26 28
26 23
26 33
25 28
25 29
25 25
25 30
25 31
15 6 34
25 35
25 19
25 16
25 26
25 27
25 33
25 24
13 14
13 13
13 12
13 15
13 10
13 11
21 6 46 1
21 6 46 3
17 41 4
19 4
19 5
19 6
19 7
19 8
19 9
21 4 46 1
21 4 47 1
31 0
END_STATE
END_LABELED_STATE
BEGIN_LABELED_STATE
3
BEGIN_STATE
7 5 25
7 7 34
7 8 19
7 9 16
7 4 30
7 6 33
26 29
26 18
26 20
14 4 34
26 21
26 22
26 17
26 25
26 28
26 23
26 33
25 28
25 29
25 25
15 4 30
25 31
15 6 34
25 35
25 19
25 16
25 26
25 27
25 33
25 24
13 14
13 13
13 12
13 15
16 10
13 11
21 6 46 1
21 6 46 3
17 41 4
19 4
19 5
19 6
19 7
19 8
19 9
21 4 46 1
21 4 47 1
31 0
END_STATE
END_LABELED_STATE
BEGIN_LABELED_STATE
2
BEGIN_STATE
7 5 25
7 7 34
7 8 19
7 9 16
7 4 18
7 6 33
26 29
26 18
26 20
14 4 34
26 21
26 22
26 17
26 25
26 28
26 23
26 33
25 28
25 29
25 25
15 4 30
25 31
15 6 34
25 35
25 19
25 16
25 26
25 27
25 33
25 24
13 14
13 13
13 12
13 15
16 10
13 11
21 6 46 1
21 6 46 3
17 41 4
19 4
19 5
19 6
19 7
19 8
19 9
21 4 46 1
21 4 47 1
31 0
END_STATE
END_LABELED_STATE
BEGIN_LABELED_STATE
1
BEGIN_STATE
7 5 25
7 7 34
7 8 19
7 9 16
7 4 16
7 6 33
26 29
26 18
26 20
14 4 34
26 21
26 22
26 17
26 25
26 28
26 23
26 33
25 28
25 29
25 25
15 4 30
25 31
15 6 34
25 35
25 19
25 16
25 26
25 27
25 33
25 24
13 14
13 13
13 12
13 15
16 10
13 11
21 6 46 1
21 6 46 3
17 41 4
19 4
19 5
19 6
19 7
19 8
19 9
21 4 46 1
21 4 47 1
31 0
END_STATE
END_LABELED_STATE
BEGIN_LABELED_STATE
0
BEGIN_STATE
7 5 25
7 7 34
7 8 19
7 9 16
7 4 16
7 6 33
26 29
26 18
26 20
14 4 34
26 21
26 22
26 17
26 25
26 28
26 23
26 33
25 28
25 29
25 25
15 4 30
25 31
15 6 34
25 35
25 19
25 16
25 26
25 27
25 33
25 24
13 14
13 13
13 12
13 15
16 10
13 11
21 6 46 1
21 6 46 3
17 41 4
19 4
19 5
19 6
19 7
19 8
19 9
21 4 46 1
21 4 47 1
31 0
22 30
END_STATE
END_LABELED_STATE
BEGIN_LABELED_STATE
5
BEGIN_STATE
7 5 25
7 7 34
7 8 19
7 9 16
7 4 18
7 6 16
26 29
26 18
26 20
14 4 34
26 21
26 22
26 17
26 25
26 28
26 23
26 33
25 28
25 29
25 25
25 30
25 31
15 6 34
25 35
25 19
25 16
25 26
25 27
25 33
25 24
13 14
13 13
13 12
13 15
13 10
13 11
21 6 46 1
21 6 46 3
17 41 4
19 4
19 5
19 6
19 7
19 8
19 9
21 4 46 1
21 4 47 1
31 0
END_STATE
END_LABELED_STATE
BEGIN_LABELED_STATE
5
BEGIN_STATE
7 5 25
7 7 34
7 8 19
7 9 16
7 4 18
7 6 34
26 29
26 18
26 20
14 4 34
26 21
26 22
26 17
26 25
26 28
26 23
26 33
25 28
25 29
25 25
25 30
25 31
15 6 34
25 35
25 19
25 16
25 26
25 27
25 33
25 24
13 14
13 13
13 12
13 15
13 10
13 11
21 6 46 1
21 6 46 3
17 41 4
19 4
19 5
19 6
19 7
19 8
19 9
21 4 46 1
21 4 47 1
31 0
END_STATE
END_LABELED_STATE
BEGIN_LABELED_STATE
6
BEGIN_STATE
7 5 25
7 7 34
7 8 19
7 9 16
7 4 34
7 6 34
26 29
26 18
26 20
14 4 34
26 21
26 22
26 17
26 25
26 28
26 23
26 33
25 28
25 29
25 25
25 30
25 31
15 6 34
25 35
25 19
25 16
25 26
25 27
25 33
25 24
13 14
13 13
13 12
13 15
13 10
13 11
21 6 46 1
21 6 46 3
17 41 4
19 4
19 5
19 6
19 7
19 8
19 9
21 4 46 1
21 4 47 1
31 0
END_STATE
END_LABELED_STATE
BEGIN_LABELED_STATE
6
BEGIN_STATE
7 5 25
7 7 34
7 8 19
7 9 16
7 4 34
7 6 16
26 29
26 18
26 20
14 4 34
26 21
26 22
26 17
26 25
26 28
26 23
26 33
25 28
25 29
25 25
25 30
25 31
15 6 34
25 35
25 19
25 16
25 26
25 27
25 33
25 24
13 14
13 13
13 12
13 15
13 10
13 11
21 6 46 1
21 6 46 3
17 41 4
19 4
19 5
19 6
19 7
19 8
19 9
21 4 46 1
21 4 47 1
31 0
END_STATE
END_LABELED_STATE
BEGIN_LABELED_STATE
5
BEGIN_STATE
7 5 25
7 7 34
7 8 19
7 9 16
7 4 34
7 6 25
26 29
26 18
26 20
14 4 34
26 21
26 22
26 17
26 25
26 28
26 23
26 33
25 28
25 29
25 25
25 30
25 31
15 6 34
25 35
25 19
25 16
25 26
25 27
25 33
25 24
13 14
13 13
13 12
13 15
13 10
13 11
21 6 46 1
21 6 46 3
17 41 4
19 4
19 5
19 6
19 7
19 8
19 9
21 4 46 1
21 4 47 1
31 0
END_STATE
END_LABELED_STATE
BEGIN_LABELED_STATE
4
BEGIN_STATE
7 5 25
7 7 34
7 8 19
7 9 16
7 4 34
7 6 30
26 29
26 18
26 20
14 4 34
26 21
26 22
26 17
26 25
26 28
26 23
26 33
25 28
25 29
25 25
25 30
25 31
15 6 34
25 35
25 19
25 16
25 26
25 27
25 33
25 24
13 14
13 13
13 12
13 15
13 10
13 11
21 6 46 1
21 6 46 3
17 41 4
19 4
19 5
19 6
19 7
19 8
19 9
21 4 46 1
21 4 47 1
31 0
END_STATE
END_LABELED_STATE
BEGIN_LABELED_STATE
3
BEGIN_STATE
7 5 25
7 7 34
7 8 19
7 9 16
7 4 34
7 6 30
26 29
26 18
26 20
14 4 34
26 21
26 22
26 17
26 25
26 28
26 23
26 33
25 28
25 29
25 25
15 6 30
25 31
15 6 34
25 35
25 19
25 16
25 26
25 27
25 33
25 24
13 14
13 13
16 12
13 15
13 10
13 11
21 6 46 1
21 6 46 3
17 41 4
19 4
19 5
19 6
19 7
19 8
19 9
21 4 46 1
21 4 47 1
31 0
END_STATE
END_LABELED_STATE
BEGIN_LABELED_STATE
2
BEGIN_STATE
7 5 25
7 7 34
7 8 19
7 9 16
7 4 34
7 6 25
26 29
26 18
26 20
14 4 34
26 21
26 22
26 17
26 25
26 28
26 23
26 33
25 28
25 29
25 25
15 6 30
25 31
15 6 34
25 35
25 19
25 16
25 26
25 27
25 33
25 24
13 14
13 13
16 12
13 15
13 10
13 11
21 6 46 1
21 6 46 3
17 41 4
19 4
19 5
19 6
19 7
19 8
19 9
21 4 46 1
21 4 47 1
31 0
END_STATE
END_LABELED_STATE
BEGIN_LABELED_STATE
1
BEGIN_STATE
7 5 25
7 7 34
7 8 19
7 9 16
7 4 34
7 6 35
26 29
26 18
26 20
14 4 34
26 21
26 22
26 17
26 25
26 28
26 23
26 33
25 28
25 29
25 25
15 6 30
25 31
15 6 34
25 35
25 19
25 16
25 26
25 27
25 33
25 24
13 14
13 13
16 12
13 15
13 10
13 11
21 6 46 1
21 6 46 3
17 41 4
19 4
19 5
19 6
19 7
19 8
19 9
21 4 46 1
21 4 47 1
31 0
END_STATE
END_LABELED_STATE
BEGIN_LABELED_STATE
0
BEGIN_STATE
7 5 25
7 7 34
7 8 19
7 9 16
7 4 34
7 6 35
26 29
26 18
26 20
14 4 34
26 21
26 22
26 17
26 25
26 28
26 23
26 33
25 28
25 29
25 25
15 6 30
25 31
15 6 34
25 35
25 19
25 16
25 26
25 27
25 33
25 24
13 14
13 13
16 12
13 15
13 10
13 11
21 6 46 1
21 6 46 3
17 41 4
19 4
19 5
19 6
19 7
19 8
19 9
21 4 46 1
21 4 47 1
31 0
22 30
END_STATE
END_LABELED_STATE
BEGIN_LABELED_STATE
6
BEGIN_STATE
7 5 25
7 7 34
7 8 19
7 9 16
7 4 34
7 6 16
26 29
26 18
26 20
14 4 34
26 21
26 22
26 17
26 25
26 28
26 23
26 33
25 28
25 29
25 25
25 30
25 31
15 6 34
25 35
25 19
25 16
25 26
25 27
25 33
25 24
13 14
13 13
13 12
13 15
13 10
13 11
21 6 46 1
21 6 46 3
17 37 6
17 41 4
19 4
19 5
19 6
19 7
19 8
19 9
21 4 46 1
21 4 47 1
31 0
END_STATE
END_LABELED_STATE
BEGIN_LABELED_STATE
5
BEGIN_STATE
7 5 25
7 7 34
7 8 19
7 9 16
7 4 34
7 6 25
26 29
26 18
26 20
14 4 34
26 21
26 22
26 17
26 25
26 28
26 23
26 33
25 28
25 29
25 25
25 30
25 31
15 6 34
25 35
25 19
25 16
25 26
25 27
25 33
25 24
13 14
13 13
13 12
13 15
13 10
13 11
21 6 46 1
21 6 46 3
17 37 6
17 41 4
19 4
19 5
19 6
19 7
19 8
19 9
21 4 46 1
21 4 47 1
31 0
END_STATE
END_LABELED_STATE
BEGIN_LABELED_STATE
4
BEGIN_STATE
7 5 25
7 7 34
7 8 19
7 9 16
7 4 34
7 6 30
26 29
26 18
26 20
14 4 34
26 21
26 22
26 17
26 25
26 28
26 23
26 33
25 28
25 29
25 25
25 30
25 31
15 6 34
25 35
25 19
25 16
25 26
25 27
25 33
25 24
13 14
13 13
13 12
13 15
13 10
13 11
21 6 46 1
21 6 46 3
17 37 6
17 41 4
19 4
19 5
19 6
19 7
19 8
19 9
21 4 46 1
21 4 47 1
31 0
END_STATE
END_LABELED_STATE
BEGIN_LABELED_STATE
3
BEGIN_STATE
7 5 25
7 7 34
7 8 19
7 9 16
7 4 34
7 6 30
26 29
26 18
26 20
14 4 34
26 21
26 22
26 17
26 25
26 28
26 23
26 33
25 28
25 29
25 25
15 6 30
25 31
15 6 34
25 35
25 19
25 16
25 26
25 27
25 33
25 24
13 14
13 13
16 12
13 15
13 10
13 11
21 6 46 1
21 6 46 3
17 37 6
17 41 4
19 4
19 5
19 6
19 7
19 8
19 9
21 4 46 1
21 4 47 1
31 0
END_STATE
END_LABELED_STATE
BEGIN_LABELED_STATE
2
BEGIN_STATE
7 5 25
7 7 34
7 8 19
7 9 16
7 4 34
7 6 25
26 29
26 18
26 20
14 4 34
26 21
26 22
26 17
26 25
26 28
26 23
26 33
25 28
25 29
25 25
15 6 30
25 31
15 6 34
25 35
25 19
25 16
25 26
25 27
25 33
25 24
13 14
13 13
16 12
13 15
13 10
13 11
21 6 46 1
21 6 46 3
17 37 6
17 41 4
19 4
19 5
19 6
19 7
19 8
19 9
21 4 46 1
21 4 47 1
31 0
END_STATE
END_LABELED_STATE
BEGIN_LABELED_STATE
1
BEGIN_STATE
7 5 25
7 7 34
7 8 19
7 9 16
7 4 34
7 6 35
26 29
26 18
26 20
14 4 34
26 21
26 22
26 17
26 25
26 28
26 23
26 33
25 28
25 29
25 25
15 6 30
25 31
15 6 34
25 35
25 19
25 16
25 26
25 27
25 33
25 24
13 14
13 13
16 12
13 15
13 10
13 11
21 6 46 1
21 6 46 3
17 37 6
17 41 4
19 4
19 5
19 6
19 7
19 8
19 9
21 4 46 1
21 4 47 1
31 0
END_STATE
END_LABELED_STATE
BEGIN_LABELED_STATE
0
BEGIN_STATE
7 5 25
7 7 34
7 8 19
7 9 16
7 4 34
7 6 35
26 29
26 18
26 20
14 4 34
26 21
26 22
26 17
26 25
26 28
26 23
26 33
25 28
25 29
25 25
15 6 30
25 31
15 6 34
25 35
25 19
25 16
25 26
25 27
25 33
25 24
13 14
13 13
16 12
13 15
13 10
13 11
21 6 46 1
21 6 46 3
17 37 6
17 41 4
19 4
19 5
19 6
19 7
19 8
19 9
21 4 46 1
21 4 47 1
31 0
22 30
END_STATE
END_LABELED_STATE
BEGIN_LABELED_STATE
6
BEGIN_STATE
7 5 25
7 7 34
7 8 19
7 9 16
7 4 34
7 6 34
26 29
26 18
26 20
14 4 34
26 21
26 22
26 17
26 25
26 28
26 23
26 33
25 28
25 29
25 25
25 30
25 31
15 6 34
25 35
25 19
25 16
25 26
25 27
25 33
25 24
13 14
13 13
13 12
13 15
13 10
13 11
21 6 46 1
21 6 46 3
17 37 6
17 41 4
19 4
19 5
19 6
19 7
19 8
19 9
21 4 46 1
21 4 47 1
31 0
END_STATE
END_LABELED_STATE
BEGIN_LABELED_STATE
6
BEGIN_STATE
7 5 25
7 7 34
7 8 19
7 9 16
7 4 34
7 6 34
26 29
26 18
26 20
14 4 34
26 21
26 22
26 17
26 25
26 28
26 23
26 33
25 28
25 29
25 25
25 30
25 31
15 6 34
25 35
25 19
25 16
25 26
25 27
25 33
25 24
13 14
13 13
13 12
13 15
13 10
13 11
21 6 46 1
21 6 46 3
17 37 6
19 4
19 5
19 6
19 7
19 8
19 9
21 4 46 1
21 4 47 1
31 0
END_STATE
END_LABELED_STATE
BEGIN_LABELED_STATE
5
BEGIN_STATE
7 5 25
7 7 34
7 8 19
7 9 16
7 4 18
7 6 34
26 29
26 18
26 20
14 4 34
26 21
26 22
26 17
26 25
26 28
26 23
26 33
25 28
25 29
25 25
25 30
25 31
15 6 34
25 35
25 19
25 16
25 26
25 27
25 33
25 24
13 14
13 13
13 12
13 15
13 10
13 11
21 6 46 1
21 6 46 3
17 37 6
19 4
19 5
19 6
19 7
19 8
19 9
21 4 46 1
21 4 47 1
31 0
END_STATE
END_LABELED_STATE
BEGIN_LABELED_STATE
6
BEGIN_STATE
7 5 25
7 7 34
7 8 19
7 9 16
7 4 34
7 6 16
26 29
26 18
26 20
14 4 34
26 21
26 22
26 17
26 25
26 28
26 23
26 33
25 28
25 29
25 25
25 30
25 31
15 6 34
25 35
25 19
25 16
25 26
25 27
25 33
25 24
13 14
13 13
13 12
13 15
13 10
13 11
21 6 46 1
21 6 46 3
17 37 6
19 4
19 5
19 6
19 7
19 8
19 9
21 4 46 1
21 4 47 1
31 0
END_STATE
END_LABELED_STATE
BEGIN_LABELED_STATE
5
BEGIN_STATE
7 5 25
7 7 34
7 8 19
7 9 16
7 4 34
7 6 25
26 29
26 18
26 20
14 4 34
26 21
26 22
26 17
26 25
26 28
26 23
26 33
25 28
25 29
25 25
25 30
25 31
15 6 34
25 35
25 19
25 16
25 26
25 27
25 33
25 24
13 14
13 13
13 12
13 15
13 10
13 11
21 6 46 1
21 6 46 3
17 37 6
19 4
19 5
19 6
19 7
19 8
19 9
21 4 46 1
21 4 47 1
31 0
END_STATE
END_LABELED_STATE
BEGIN_LABELED_STATE
4
BEGIN_STATE
7 5 25
7 7 34
7 8 19
7 9 16
7 4 34
7 6 30
26 29
26 18
26 20
14 4 34
26 21
26 22
26 17
26 25
26 28
26 23
26 33
25 28
25 29
25 25
25 30
25 31
15 6 34
25 35
25 19
25 16
25 26
25 27
25 33
25 24
13 14
13 13
13 12
13 15
13 10
13 11
21 6 46 1
21 6 46 3
17 37 6
19 4
19 5
19 6
19 7
19 8
19 9
21 4 46 1
21 4 47 1
31 0
END_STATE
END_LABELED_STATE
BEGIN_LABELED_STATE
3
BEGIN_STATE
7 5 25
7 7 34
7 8 19
7 9 16
7 4 34
7 6 30
26 29
26 18
26 20
14 4 34
26 21
26 22
26 17
26 25
26 28
26 23
26 33
25 28
25 29
25 25
15 6 30
25 31
15 6 34
25 35
25 19
25 16
25 26
25 27
25 33
25 24
13 14
13 13
16 12
13 15
13 10
13 11
21 6 46 1
21 6 46 3
17 37 6
19 4
19 5
19 6
19 7
19 8
19 9
21 4 46 1
21 4 47 1
31 0
END_STATE
END_LABELED_STATE
BEGIN_LABELED_STATE
2
BEGIN_STATE
7 5 25
7 7 34
7 8 19
7 9 16
7 4 34
7 6 25
26 29
26 18
26 20
14 4 34
26 21
26 22
26 17
26 25
26 28
26 23
26 33
25 28
25 29
25 25
15 6 30
25 31
15 6 34
25 35
25 19
25 16
25 26
25 27
25 33
25 24
13 14
13 13
16 12
13 15
13 10
13 11
21 6 46 1
21 6 46 3
17 37 6
19 4
19 5
19 6
19 7
19 8
19 9
21 4 46 1
21 4 47 1
31 0
END_STATE
END_LABELED_STATE
BEGIN_LABELED_STATE
1
BEGIN_STATE
7 5 25
7 7 34
7 8 19
7 9 16
7 4 34
7 6 35
26 29
26 18
26 20
14 4 34
26 21
26 22
26 17
26 25
26 28
26 23
26 33
25 28
25 29
25 25
15 6 30
25 31
15 6 34
25 35
25 19
25 16
25 26
25 27
25 33
25 24
13 14
13 13
16 12
13 15
13 10
13 11
21 6 46 1
21 6 46 3
17 37 6
19 4
19 5
19 6
19 7
19 8
19 9
21 4 46 1
21 4 47 1
31 0
END_STATE
END_LABELED_STATE
BEGIN_LABELED_STATE
0
BEGIN_STATE
7 5 25
7 7 34
7 8 19
7 9 16
7 4 34
7 6 35
26 29
26 18
26 20
14 4 34
26 21
26 22
26 17
26 25
26 28
26 23
26 33
25 28
25 29
25 25
15 6 30
25 31
15 6 34
25 35
25 19
25 16
25 26
25 27
25 33
25 24
13 14
13 13
16 12
13 15
13 10
13 11
21 6 46 1
21 6 46 3
17 37 6
19 4
19 5
19 6
19 7
19 8
19 9
21 4 46 1
21 4 47 1
31 0
22 30
END_STATE
END_LABELED_STATE
BEGIN_LABELED_STATE
6
BEGIN_STATE
7 5 25
7 7 34
7 8 19
7 9 16
7 4 34
7 6 33
26 29
26 18
26 20
14 4 34
26 21
26 22
26 17
26 25
26 28
26 23
26 33
25 28
25 29
25 25
25 30
25 31
15 6 34
25 35
25 19
25 16
25 26
25 27
25 33
25 24
13 14
13 13
13 12
13 15
13 10
13 11
21 6 46 1
21 6 46 3
17 37 6
19 4
19 5
19 6
19 7
19 8
19 9
21 4 46 1
21 4 47 1
31 0
END_STATE
END_LABELED_STATE
BEGIN_LABELED_STATE
5
BEGIN_STATE
7 5 25
7 7 34
7 8 19
7 9 16
7 4 18
7 6 33
26 29
26 18
26 20
14 4 34
26 21
26 22
26 17
26 25
26 28
26 23
26 33
25 28
25 29
25 25
25 30
25 31
15 6 34
25 35
25 19
25 16
25 26
25 27
25 33
25 24
13 14
13 13
13 12
13 15
13 10
13 11
21 6 46 1
21 6 46 3
17 37 6
19 4
19 5
19 6
19 7
19 8
19 9
21 4 46 1
21 4 47 1
31 0
END_STATE
END_LABELED_STATE
BEGIN_LABELED_STATE
6
BEGIN_STATE
7 5 25
7 7 34
7 8 19
7 9 16
7 4 34
7 6 33
26 29
26 18
26 20
14 4 34
26 21
26 22
26 17
26 25
26 28
26 23
26 33
25 28
25 29
25 25
25 30
25 31
15 6 34
25 35
25 19
25 16
25 26
25 27
25 33
25 24
13 14
13 13
13 12
13 15
13 10
13 11
21 6 46 1
21 6 46 3
19 4
19 5
19 6
19 7
19 8
19 9
21 4 46 1
21 4 47 1
31 0
END_STATE
END_LABELED_STATE
BEGIN_LABELED_STATE
5
BEGIN_STATE
7 5 25
7 7 34
7 8 19
7 9 16
7 4 18
7 6 33
26 29
26 18
26 20
14 4 34
26 21
26 22
26 17
26 25
26 28
26 23
26 33
25 28
25 29
25 25
25 30
25 31
15 6 34
25 35
25 19
25 16
25 26
25 27
25 33
25 24
13 14
13 13
13 12
13 15
13 10
13 11
21 6 46 1
21 6 46 3
19 4
19 5
19 6
19 7
19 8
19 9
21 4 46 1
21 4 47 1
31 0
END_STATE
END_LABELED_STATE
END_STATE_LIST
